forward_m,lateral_m,source_range_m,first_error_deg,second_error_deg,area_m2,diameter_m,mec_radius_m,acute_crossing_angle_deg,second_visible
250,100,5.1,-1.005,-1.005,0.4970499605044749,5.557449458735814,2.778724729367907,23.2345341688627,True
250,100,5.1,-1.005,0,5.120342115318543,17.800330369649153,8.900165184824576,23.2345341688627,True
250,100,5.1,-1.005,1.005,13.178763411866125,23.93927118826226,11.96963559413113,23.2345341688627,True
250,100,5.1,0.0,-1.005,0.45712042691412064,5.329757632403597,2.6648788162017985,22.211663584896062,True
250,100,5.1,0.0,0,5.00074460790323,17.5918379674729,8.79591898373645,22.211663584896062,True
250,100,5.1,0.0,1.005,13.037794528778758,23.95667708962904,11.97833854481452,22.211663584896062,True
250,100,5.1,1.005,-1.005,0.4185260254583949,5.0999999999999055,2.5499999999999527,21.18865994019004,True
250,100,5.1,1.005,0,4.881512521574624,17.381470847361054,8.690735423680527,21.18865994019004,True
250,100,5.1,1.005,1.005,12.895109766302188,23.974240565219837,11.987120282609919,21.18865994019004,True
250,100,79.845,-1.005,-1.005,37.501812423754714,19.01149098284728,9.50574549142364,31.795160126243637,True
250,100,79.845,-1.005,0,38.56386567082424,18.44897183166503,9.224485915832515,31.795160126243637,True
250,100,79.845,-1.005,1.005,39.290638178858146,17.924140224510907,8.962070112255454,31.795160126243637,True
250,100,79.845,0.0,-1.005,37.04134663953537,19.21541766409347,9.607708832046734,30.442730436840353,True
250,100,79.845,0.0,0,38.23865377960955,18.638985122624216,9.319492561312115,30.442730436840353,True
250,100,79.845,0.0,1.005,39.0726458333341,18.101536457792832,9.050768228896416,30.442730436840353,True
250,100,79.845,1.005,-1.005,36.516682164152364,19.428226564163285,9.714113282081646,29.084167685001937,True
250,100,79.845,1.005,0,37.863282797677925,18.837132080788198,9.418566040394106,29.084167685001937,True
250,100,79.845,1.005,1.005,38.815585455699775,18.28640308511476,9.143201542557387,29.084167685001937,True
250,100,154.59,-1.005,-1.005,36.44755272810596,13.106891579817184,6.553445789908605,48.108470784421996,True
250,100,154.59,-1.005,0,36.02015511840051,12.891273917299586,6.445636958649806,48.108470784421996,True
250,100,154.59,-1.005,1.005,35.59898463833969,12.686475559695076,6.343237779847538,48.108470784421996,True
250,100,154.59,0.0,-1.005,36.77238007672128,13.27706542619883,6.638532713099415,46.34557738772877,True
250,100,154.59,0.0,0,36.34202326164649,13.052836757897088,6.526418378948544,46.34557738772877,True
250,100,154.59,0.0,1.005,35.91593065999942,12.839940812853195,6.41997040642661,46.34557738772877,True
250,100,154.59,1.005,-1.005,37.113432297648274,13.462755119202397,6.731377559601198,44.546398611186405,True
250,100,154.59,1.005,0,36.681895052115436,13.22905373509315,6.614526867546575,44.546398611186405,True
250,100,154.59,1.005,1.005,36.25219430086409,13.00726117549956,6.50363058774978,44.546398611186405,True
250,100,229.335,-1.005,-1.005,29.420865331106995,9.664337325766727,4.8321686628833636,79.75027093221865,True
250,100,229.335,-1.005,0,29.44127934718432,9.62911862642857,4.814559313214293,79.75027093221865,True
250,100,229.335,-1.005,1.005,29.47709140116342,9.59709763634966,4.79854881817483,79.75027093221865,True
250,100,229.335,0.0,-1.005,29.41685770014186,9.680057966927587,4.840028983463793,78.32417798628698,True
250,100,229.335,0.0,0,29.43085965992168,9.64348281359356,4.82174140679678,78.32417798628698,True
250,100,229.335,0.0,1.005,29.46020267345176,9.610128565740235,4.805064282870117,78.32417798628698,True
250,100,229.335,1.005,-1.005,29.41556324791577,9.699282453784395,4.849641226892198,76.82397505101466,True
250,100,229.335,1.005,0,29.42205104439563,9.661098738774122,4.830549369387061,76.82397505101466,True
250,100,229.335,1.005,1.005,29.44381858865978,9.626164489135338,4.813082244567669,76.82397505101466,True
250,100,304.08000000000004,-1.005,-1.005,45.724243743002035,14.170458068682708,7.085229034341372,61.838400205936075,True
250,100,304.08000000000004,-1.005,0,46.88014328462043,14.462888596155347,7.231444298077673,61.838400205936075,True
250,100,304.08000000000004,-1.005,1.005,48.10649122895745,14.76837087447771,7.384185437238855,61.838400205936075,True
250,100,304.08000000000004,0.0,-1.005,47.16993096068279,14.53550222935687,7.267751114678435,61.59547732707075,True
250,100,304.08000000000004,0.0,0,48.41403954845032,14.844258439103402,7.422129219551701,61.59547732707075,True
250,100,304.08000000000004,0.0,1.005,49.73486616798289,15.167081000987555,7.583540500493777,61.59547732707075,True
250,100,304.08000000000004,1.005,-1.005,48.809244976131026,14.941368247256237,7.470684123628139,61.288388566117234,True
250,100,304.08000000000004,1.005,0,50.15460459191945,15.268663343298815,7.634331671649428,61.288388566117234,True
250,100,304.08000000000004,1.005,1.005,51.58408389169517,15.611201556093746,7.805600778046894,61.288388566117234,True
250,100,378.82500000000005,-1.005,-1.005,106.62629851341035,26.632861526984097,13.316430763492049,38.626517350957876,True
250,100,378.82500000000005,-1.005,0,112.45327565166053,27.652311237117093,13.826155618558547,38.626517350957876,True
250,100,378.82500000000005,-1.005,1.005,118.82195687476178,28.74549253944129,14.37274626972067,38.626517350957876,True
250,100,378.82500000000005,0.0,-1.005,117.5163078336675,28.523083769035235,14.261541884517642,37.820289335519874,True
250,100,378.82500000000005,0.0,0,124.36756087447088,29.68083218553279,14.840416092766395,37.820289335519874,True
250,100,378.82500000000005,0.0,1.005,131.88895101055004,30.926664943918,15.463332471959,37.820289335519874,True
250,100,378.82500000000005,1.005,-1.005,130.861997427221,30.758034014912063,15.379017007456032,36.94701359801519,True
250,100,378.82500000000005,1.005,0,139.03631972739936,32.08808899871984,16.044044499359945,36.94701359801519,True
250,100,378.82500000000005,1.005,1.005,148.0562161357184,33.52510839437308,16.76255419718654,36.94701359801519,True
250,100,453.57000000000005,-1.005,-1.005,227.43129955734867,45.1204705266651,22.56023526333255,26.940641423788787,True
250,100,453.57000000000005,-1.005,0,247.09492717458215,47.770524062767805,23.885262031383927,26.940641423788787,True
250,100,453.57000000000005,-1.005,1.005,269.4587514526188,50.702041163135775,25.351020581567912,26.940641423788787,True
250,100,453.57000000000005,0.0,-1.005,264.16817439326337,50.015941338202616,25.007970669101308,26.161725558398704,True
250,100,453.57000000000005,0.0,0,288.9646791788314,53.19471945566948,26.59735972783474,26.161725558398704,True
250,100,453.57000000000005,0.0,1.005,317.4340950641256,56.73704447039383,28.368522235196917,26.161725558398704,True
250,100,453.57000000000005,1.005,-1.005,311.8615201381306,56.05205511642399,28.02602755821202,25.34256306492565,True
250,100,453.57000000000005,1.005,0,343.86343211933377,59.934430850331076,29.967215425165566,25.34256306492565,True
250,100,453.57000000000005,1.005,1.005,381.01883365882236,64.29856594682126,32.14928297341063,25.34256306492565,True
250,100,528.315,-1.005,-1.005,418.9842017476162,68.61846770429099,34.309233852145496,20.435664022566804,True
250,100,528.315,-1.005,0,469.1622758004346,74.14008495822942,37.07004247911471,20.435664022566804,True
250,100,528.315,-1.005,1.005,528.7114340177191,80.45334647310924,40.226673236554674,20.435664022566804,True
250,100,528.315,0.0,-1.005,507.81072037704416,78.26472245949692,39.13236122974846,19.76362190481874,True
250,100,528.315,0.0,0,574.9210868384585,85.1967898406315,42.598394920315805,19.76362190481874,True
250,100,528.315,0.0,1.005,655.8326237262299,93.22052233045981,46.610261165229964,19.76362190481874,True
250,100,528.315,1.005,-1.005,629.374404884315,90.63332442268863,45.316662211344315,19.06642960553775,True
250,100,528.315,1.005,0,722.0794910338705,99.55758925676626,49.77879462838313,19.06642960553775,True
250,100,528.315,1.005,1.005,836.0174437457677,110.04263365693377,55.021316828466944,19.06642960553775,True
250,100,603.0600000000001,-1.005,-1.005,688.7775213917644,96.39615710326918,48.19807855163464,16.38971446682673,True
250,100,603.0600000000001,-1.005,0,794.9255946357971,106.31670464944297,53.158352324721484,16.38971446682673,True
250,100,603.0600000000001,-1.005,1.005,926.5140070043785,118.05061875669823,59.025309378349114,16.38971446682673,True
250,100,603.0600000000001,0.0,-1.005,866.700663726911,112.78709921922955,56.39354960961482,15.814136287240574,True
250,100,603.0600000000001,0.0,0,1016.4683822722327,125.76930858212907,62.88465429106459,15.814136287240574,True
250,100,603.0600000000001,0.0,1.005,1206.5484719775181,141.4083354473495,70.7041677236748,15.814136287240574,True
250,100,603.0600000000001,1.005,-1.005,1122.842954351721,134.62465023695276,67.31232511847642,15.22148923108621,True
250,100,603.0600000000001,1.005,0,1343.4011402470105,152.18999409113266,76.09499704556639,15.22148923108621,True
250,100,603.0600000000001,1.005,1.005,1631.7024127234918,173.84295602504142,86.92147801252071,15.22148923108621,True
250,100,677.8050000000001,-1.005,-1.005,1041.7734887111396,127.90129805288883,63.950649026444474,13.655296645198407,True
250,100,677.8050000000001,-1.005,0,1238.968854158045,143.9957367804761,71.99786839023805,13.655296645198407,True
250,100,677.8050000000001,-1.005,1.005,1494.4521397922517,163.6981981930406,81.84909909652036,13.655296645198407,True
250,100,677.8050000000001,0.0,-1.005,1357.1515182694984,153.25377742837435,76.62688871418723,13.156734618657294,True
250,100,677.8050000000001,0.0,0,1649.8704485187914,175.165490250697,87.5827451253485,13.156734618657294,True
250,100,677.8050000000001,0.0,1.005,2041.7265895436653,202.68546882616423,101.34273441308217,13.156734618657294,True
250,100,677.8050000000001,1.005,-1.005,1834.2403595159299,188.34108555553294,94.17054277776653,12.645766132293504,True
250,100,677.8050000000001,1.005,0,2293.2959899345165,219.48498122304818,109.74249061152409,12.645766132293504,True
250,100,677.8050000000001,1.005,1.005,2934.434454324508,259.9276545217178,129.96382726085895,12.645766132293504,True
250,100,752.5500000000001,-1.005,-1.005,1481.0200442788787,162.69007425535764,81.34503712767888,11.691855562263791,True
250,100,752.5500000000001,-1.005,0,1814.5201206207962,186.95218788978227,93.47609394489113,11.691855562263791,True
250,100,752.5500000000001,-1.005,1.005,2266.2196779169126,217.70528227367666,108.85264113683839,11.691855562263791,True
250,100,752.5500000000001,0.0,-1.005,1993.9309703342733,199.42291089771214,99.71145544885613,11.254012775859959,True
250,100,752.5500000000001,0.0,0,2513.99951964884,233.75849448082695,116.87924724041355,11.254012775859959,True
250,100,752.5500000000001,0.0,1.005,3249.737457075247,278.80088032854513,139.40044016427257,11.254012775859959,True
250,100,752.5500000000001,1.005,-1.005,2808.807717085918,252.2366832273336,126.1183416136668,10.806668467807135,True
250,100,752.5500000000001,1.005,0,3677.6533285786845,303.5443048410376,151.77215242051886,10.806668467807135,True
250,100,752.5500000000001,1.005,1.005,4980.809855639256,374.0578024627799,187.02890123139,10.806668467807135,True
250,100,827.2950000000001,-1.005,-1.005,2008.115889584,200.3936883450201,100.19684417251005,10.216795677033087,True
250,100,827.2950000000001,-1.005,0,2533.7266138452815,235.01506412202994,117.50753206101497,10.216795677033087,True
250,100,827.2950000000001,-1.005,1.005,3278.1337565275153,280.4724373473087,140.2362186736544,10.216795677033087,True
250,100,827.2950000000001,0.0,-1.005,2790.5896367323585,251.1126756169272,125.55633780846364,9.82735223883557,True
250,100,827.2950000000001,0.0,0,3650.991829297319,302.02924676117755,151.01462338058883,9.82735223883557,True
250,100,827.2950000000001,0.0,1.005,4939.930484388259,371.9378596426122,185.96892982130615,9.82735223883557,True
250,100,827.2950000000001,1.005,-1.005,4095.9010760770525,326.89449292613574,163.44724646306787,9.43033670959376,True
250,100,827.2950000000001,1.005,0,5629.1528972693495,407.0188790871046,203.50943954355236,9.43033670959376,True
250,100,827.2950000000001,1.005,1.005,8113.465524821041,524.217566631143,262.1087833155715,9.43033670959376,True
250,100,902.0400000000001,-1.005,-1.005,2623.563897248727,240.69987636464506,120.34993818232253,9.069456922767197,True
250,100,902.0400000000001,-1.005,0,3407.885943258616,288.05491028884563,144.02745514442282,9.069456922767197,True
250,100,902.0400000000001,-1.005,1.005,4569.725737155763,352.4921651010608,176.24608255053045,9.069456922767197,True
250,100,902.0400000000001,0.0,-1.005,3759.735999138805,308.187906818308,154.093953409154,8.719219805996223,True
250,100,902.0400000000001,0.0,0,5107.007063562068,380.5695810388136,190.28479051940687,8.719219805996223,True
250,100,902.0400000000001,0.0,1.005,7249.105041278096,484.83030042072636,242.41515021036318,8.719219805996223,True
250,100,902.0400000000001,1.005,-1.005,5749.983315010135,413.03339867045486,206.51669933522743,8.362759721311582,True
250,100,902.0400000000001,1.005,0,8316.09644158348,533.2703550184906,266.63517750924535,8.362759721311582,True
250,100,902.0400000000001,1.005,1.005,12271.10869701648,599.5810943365062,299.7905471682531,8.362759721311582,True
250,100,976.7850000000001,-1.005,-1.005,3327.0411975026027,283.3410650916426,141.67053254582135,8.152222876153163,True
250,100,976.7850000000001,-1.005,0,4447.642533211745,345.9767097417147,172.98835487085736,8.152222876153163,True
250,100,976.7850000000001,-1.005,1.005,6184.429104630631,434.3562066524493,217.17810332622471,8.152222876153163,True
250,100,976.7850000000001,0.0,-1.005,4913.268989225952,370.5523995981952,185.2761997990976,7.834265188789299,True
250,100,976.7850000000001,0.0,0,6933.121751584742,470.0930244540012,235.04651222700062,7.834265188789299,True
250,100,976.7850000000001,0.0,1.005,10350.467579998625,620.9314036487333,310.46570182436676,7.834265188789299,True
250,100,976.7850000000001,1.005,-1.005,7831.804795747432,511.5238519998599,255.76192599993,7.511067787346011,True
250,100,976.7850000000001,1.005,0,11731.757861873208,611.4129266136734,305.70646330683684,7.511067787346011,True
250,100,976.7850000000001,1.005,1.005,13507.562445915188,525.165451972143,262.58272598607164,7.511067787346011,True
250,100,1051.53,-1.005,-1.005,4117.60656293088,328.08600260913545,164.04300130456778,7.402536628055359,True
250,100,1051.53,-1.005,0,5663.156353359156,408.71530604401227,204.35765302200613,7.402536628055359,True
250,100,1051.53,-1.005,1.005,8170.3907160117,526.7673426818089,263.38367134090447,7.402536628055359,True
250,100,1051.53,0.0,-1.005,6262.57721563019,438.1438981517499,219.071949075875,7.111555152594216,True
250,100,1051.53,0.0,0,9186.394754261008,571.4510964031757,285.7255482015879,7.111555152594216,True
250,100,1051.53,0.0,1.005,12955.981342239218,579.6554499197463,289.82772495987325,7.111555152594216,True
250,100,1051.53,1.005,-1.005,10409.829332569454,623.4106185590908,311.7053092795454,6.816075163391671,True
250,100,1051.53,1.005,0,13445.990600103973,554.1054915095182,277.0527457547591,6.816075163391671,True
250,100,1051.53,1.005,1.005,11480.541605136981,450.85878637822753,225.42939318911377,6.816075163391671,True
250,100,1126.275,-1.005,-1.005,4993.860259263811,374.7334768752968,187.36673843764845,6.778531632397141,True
250,100,1126.275,-1.005,0,7064.249627797745,476.23220568945044,238.11610284472528,6.778531632397141,True
250,100,1126.275,-1.005,1.005,10581.438837916812,630.5552618636543,315.2776309318272,6.778531632397141,True
250,100,1126.275,0.0,-1.005,7818.711953549798,510.9305858958843,255.46529294794226,6.510396795115275,True
250,100,1126.275,0.0,0,11715.351457216704,611.7409141149396,305.87045705746993,6.510396795115275,True
250,100,1126.275,0.0,1.005,13510.258413421863,525.5858062073737,262.79290310368697,6.510396795115275,True
250,100,1126.275,1.005,-1.005,12618.43478031012,590.4670571311209,295.23352856556056,6.23833795753523,True
250,100,1126.275,1.005,0,13122.391124915099,498.20508464667614,249.10254232333813,6.23833795753523,True
250,100,1126.275,1.005,1.005,7628.614905641993,375.46337778706214,187.76057241416606,6.23833795753523,True
250,100,1201.02,-1.005,-1.005,5954.067619962599,423.1074237120277,211.55371185601385,6.251164648363652,True
250,100,1201.02,-1.005,0,8660.5360931432,548.5132453049885,274.25662265249423,6.251164648363652,True
250,100,1201.02,-1.005,1.005,12581.9483156141,591.5011623731425,295.7505811865713,6.251164648363652,True
250,100,1201.02,0.0,-1.005,9592.539601018088,588.9085362217206,294.45426811086037,6.002608182106367,True
250,100,1201.02,0.0,0,13172.16810071074,570.8795708129546,285.4397854064773,6.002608182106367,True
250,100,1201.02,0.0,1.005,12389.270824266174,472.78617556843346,236.39308778421685,6.002608182106367,True
250,100,1201.02,1.005,-1.005,13496.752404066003,548.6377848062631,274.3188924031316,5.750583515098609,True
250,100,1201.02,1.005,0,11130.030399502393,443.6359597371283,221.81797986856415,5.750583515098609,True
250,100,1201.02,1.005,1.005,4499.962958794262,300.1938546846846,150.1200205543818,5.750583515098609,True
250,100,1275.7649999999999,-1.005,-1.005,6996.25477010801,473.05302484980757,236.52651242490387,5.799671889104936,True
250,100,1275.7649999999999,-1.005,0,10461.536527642918,625.5668608722564,312.78343043612824,5.799671889104936,True
250,100,1275.7649999999999,-1.005,1.005,13456.91925839101,553.0811755559215,276.5405877779608,5.799671889104936,True
250,100,1275.7649999999999,0.0,-1.005,11470.84686682389,616.4525728173205,308.2262864086603,5.568068268027159,True
250,100,1275.7649999999999,0.0,0,13537.488829116295,531.6181914263962,265.80909571319813,5.568068268027159,True
250,100,1275.7649999999999,0.0,1.005,9985.097948766394,420.77671153095736,210.39491945131533,5.568068268027159,True
250,100,1275.7649999999999,1.005,-1.005,13318.306260758105,508.50478036156727,254.25239018078375,5.333365251905007,True
250,100,1275.7649999999999,1.005,0,8339.188123015207,389.494543051441,194.77723443112478,5.333365251905007,True
250,100,1275.7649999999999,1.005,1.005,2347.984613965011,225.07318612145,112.5539074152014,5.333365251905007,True
250,100,1350.51,-1.005,-1.005,8118.282853753401,524.4335440807305,262.2167720403653,5.408823569400704,True
250,100,1350.51,-1.005,0,12066.14493463277,604.3448296281639,302.17241481408206,5.408823569400704,True
250,100,1350.51,-1.005,1.005,13424.309520481163,516.0932943097479,258.04664715487394,5.408823569400704,True
250,100,1350.51,0.0,-1.005,12731.612977591496,587.1154347077659,293.55771735388294,5.1920348571683315,True
250,100,1350.51,0.0,0,13022.263514031001,493.869854755842,246.934927377921,5.1920348571683315,True
250,100,1350.51,0.0,1.005,7341.572220967835,369.54029968393706,184.79857771404005,5.1920348571683315,True
250,100,1350.51,1.005,-1.005,12286.803848784904,469.9735446120569,234.98677230602846,4.972450230370032,True
250,100,1350.51,1.005,0,5881.673779623048,336.70395164082345,168.37787766892893,4.972450230370032,True
250,100,1350.51,1.005,1.005,973.6702666794154,150.05736096340286,75.04022404397318,4.972450230370032,True
250,100,1425.255,-1.005,-1.005,9317.90559053209,577.1277306574622,288.56386532873114,5.067200104626155,True
250,100,1425.255,-1.005,0,13032.456451462498,576.7796587523328,288.3898293761664,5.067200104626155,True
250,100,1425.255,-1.005,1.005,12647.538879078073,480.46388733099684,240.23194366549842,5.067200104626155,True
250,100,1425.255,0.0,-1.005,13381.603248976786,559.2160538994473,279.6080269497237,4.863464026867541,True
250,100,1425.255,0.0,0,11784.629084190385,457.55500390928927,228.77750195464463,4.863464026867541,True
250,100,1425.255,0.0,1.005,5200.966559916818,319.510955513742,159.78005698835562,4.863464026867541,True
250,100,1425.255,1.005,-1.005,10589.67282373258,432.7167851666837,216.35962580897973,4.657185415056753,True
250,100,1425.255,1.005,0,3999.631808797967,285.1888666780739,142.61637225239835,4.657185415056753,True
250,100,1425.255,1.005,1.005,228.63918783556437,75.11680222370299,37.56417967198959,4.657185415056753,True
250,100,1500.0,-1.005,-1.005,10592.81385025653,631.0276679705207,315.51383398526036,4.766073378441769,True
250,100,1500.0,-1.005,0,13481.559291355581,550.4992247156028,275.2496123578015,4.766073378441769,True
250,100,1500.0,-1.005,1.005,11251.665579143337,446.1253791703711,223.06268958518555,4.766073378441769,True
250,100,1500.0,0.0,-1.005,13539.994899360894,532.6528425738744,266.32642128693726,4.573921259900861,True
250,100,1500.0,0.0,0,10056.420068266008,422.17054402553265,211.09099709776092,4.573921259900861,True
250,100,1500.0,0.0,1.005,3549.2387702870255,270.6271070572343,135.33437223982455,4.573921259900861,True
250,100,1500.0,1.005,-1.005,8710.18694955272,396.4932658290052,198.27697890921675,4.3794408515419905,True
250,100,1500.0,1.005,0,2581.428045903973,234.88608121913438,117.4611098471424,4.3794408515419905,True
250,100,1500.0,1.005,1.005,0.002036748919636011,0.23114825917593856,0.11559191259450328,4.3794408515419905,True
250,250,5.1,-1.005,-1.005,0.4720816686561813,5.278282310473431,2.6391411552367154,46.605573206701514,True
250,250,5.1,-1.005,0,3.2612068978114426,13.864868795510004,6.932434397755002,46.605573206701514,True
250,250,5.1,-1.005,1.005,7.86934779228951,17.06550520405919,8.532752602029596,46.605573206701514,True
250,250,5.1,0.0,-1.005,0.4564115159405854,5.189971699744319,2.5949858498721596,45.590418533946185,True
250,250,5.1,0.0,0,3.221176228706301,13.779592965972775,6.889796482986387,45.590418533946185,True
250,250,5.1,0.0,1.005,7.822975592701914,17.06836558000442,8.53418279000221,45.590418533946185,True
250,250,5.1,1.005,-1.005,0.4407187975863577,5.099999999999677,2.5499999999998386,44.575076609928,True
250,250,5.1,1.005,0,3.180647806388755,13.692714217586675,6.846357108793337,44.575076609928,True
250,250,5.1,1.005,1.005,7.775699404318932,17.071280237993932,8.535640118996966,44.575076609928,True
250,250,79.845,-1.005,-1.005,34.13214175615928,15.156428759310643,7.5782143796553285,56.911817273184,True
250,250,79.845,-1.005,0,36.22214007043081,14.97415708333368,7.48707854166684,56.911817273184,True
250,250,79.845,-1.005,1.005,38.16017350183379,14.80071684739227,7.400358423696142,56.911817273184,True
250,250,79.845,0.0,-1.005,33.81300674790584,15.183818959704615,7.591909479852315,55.76001371618626,True
250,250,79.845,0.0,0,35.92675862545929,15.000221159561107,7.500110579780554,55.76001371618626,True
250,250,79.845,0.0,1.005,37.885874954188736,14.825517096827614,7.412758548413807,55.76001371618626,True
250,250,79.845,1.005,-1.005,33.47911797509314,15.212349799923963,7.606174899961989,54.60321957059619,True
250,250,79.845,1.005,0,35.61786922748575,15.027370795708931,7.5136853978544655,54.60321957059619,True
250,250,79.845,1.005,1.005,37.599175548122595,14.85135068143693,7.425675340718465,54.60321957059619,True
250,250,154.59,-1.005,-1.005,53.64853751909985,13.345722286748408,6.6728611433742175,70.31649216419875,True
250,250,154.59,-1.005,0,54.69791091142014,13.25527169858645,6.627635849293238,70.31649216419875,True
250,250,154.59,-1.005,1.005,55.72526388352557,13.170063582207092,6.585031791103546,70.31649216419875,True
250,250,154.59,0.0,-1.005,53.43626706833152,13.364394534367765,6.682197267183896,69.11114513552846,True
250,250,154.59,0.0,0,54.490634348935146,13.272879606553335,6.636439803276668,69.11114513552846,True
250,250,154.59,0.0,1.005,55.521983810396875,13.18663893507703,6.593319467538527,69.11114513552846,True
250,250,154.59,1.005,-1.005,53.208524570789535,13.384557326016216,6.692278663008108,67.89236360158974,True
250,250,154.59,1.005,0,54.268450154976335,13.291899378331262,6.645949689165631,67.89236360158974,True
250,250,154.59,1.005,1.005,55.304276934805756,13.204550131246517,6.602275065623272,67.89236360158974,True
250,250,229.335,-1.005,-1.005,69.981512307547,12.461337679115804,6.2306688395579135,86.3462635225963,True
250,250,229.335,-1.005,0,71.13022499140766,12.4416096650216,6.2208048325108,86.3462635225963,True
250,250,229.335,-1.005,1.005,72.31189466866255,12.42576092470271,6.2128804623513645,86.3462635225963,True
250,250,229.335,0.0,-1.005,69.90649237761545,12.462782575641901,6.2313912878209505,85.27467353369099,True
250,250,229.335,0.0,0,71.05312588617471,12.44279651075526,6.2213982553776415,85.27467353369099,True
250,250,229.335,0.0,1.005,72.23251994431638,12.426691560777487,6.213345780388754,85.27467353369099,True
250,250,229.335,1.005,-1.005,69.81083831986973,12.46465354075226,6.23232677037613,84.18459914024174,True
250,250,229.335,1.005,0,70.95483431602861,12.4443375953397,6.222168797669861,84.18459914024174,True
250,250,229.335,1.005,1.005,72.13134013710516,12.427905156123067,6.213952578061534,84.18459914024174,True
250,250,304.08000000000004,-1.005,-1.005,95.25571735489041,15.280493853105822,7.640246926552932,77.04644651074518,True
250,250,304.08000000000004,-1.005,0,97.40432911417713,15.601980456833415,7.800990228416729,77.04644651074518,True
250,250,304.08000000000004,-1.005,1.005,99.653923230018,15.935005073651169,7.9675025368255845,77.04644651074518,True
250,250,304.08000000000004,0.0,-1.005,95.79715603785746,15.361824997420426,7.680912498710213,77.79385059584592,True
250,250,304.08000000000004,0.0,0,97.9710564526797,15.6862183400598,7.8431091700299,77.79385059584592,True
250,250,304.08000000000004,0.0,1.005,100.24756107089547,16.022288003353406,8.011144001676724,77.79385059584592,True
250,250,304.08000000000004,1.005,-1.005,96.32313604232309,15.44062804361762,7.7203140218088295,78.55144539392992,True
250,250,304.08000000000004,1.005,0,98.52170622237145,15.767845569470822,7.883922784735431,78.55144539392992,True
250,250,304.08000000000004,1.005,1.005,100.82446495353565,16.10687477795538,8.05343738897769,78.55144539392992,True
250,250,378.82500000000005,-1.005,-1.005,140.15607994501033,21.42361702067092,10.71180851033546,62.35061734554768,True
250,250,378.82500000000005,-1.005,0,144.69209034714208,21.991218550378022,10.995609275189034,62.35061734554768,True
250,250,378.82500000000005,-1.005,1.005,149.49676970146675,22.584343679394703,11.292171839697373,62.35061734554768,True
250,250,378.82500000000005,0.0,-1.005,142.9131470589764,21.769524917489722,10.884762458744861,62.73794871686642,True
250,250,378.82500000000005,0.0,0,147.61192526184936,22.35262640721712,11.17631320360856,62.73794871686642,True
250,250,378.82500000000005,0.0,1.005,152.59189756019873,22.962241441212566,11.481120720606308,62.73794871686642,True
250,250,378.82500000000005,1.005,-1.005,145.792084411549,22.127727584512314,11.063863792256157,63.12033856450496,True
250,250,378.82500000000005,1.005,0,150.66258813847844,22.727059502277484,11.363529751138742,63.12033856450496,True
250,250,378.82500000000005,1.005,1.005,155.8276391586735,23.353952617827908,11.676976308913975,63.12033856450496,True
250,250,453.57000000000005,-1.005,-1.005,214.09167445970206,29.934433713558033,14.967216856779041,50.725206325583265,True
250,250,453.57000000000005,-1.005,0,223.51100993701198,30.930435906380602,15.465217953190301,50.725206325583265,True
250,250,453.57000000000005,-1.005,1.005,233.62242809123654,31.98262877107846,15.991314385539253,50.725206325583265,True
250,250,453.57000000000005,0.0,-1.005,222.35543011259256,30.809088147195528,15.404544073597789,50.8447627464892,True
250,250,453.57000000000005,0.0,0,232.38116566107692,31.85437073472377,15.927185367361885,50.8447627464892,True
250,250,453.57000000000005,0.0,1.005,243.1573877717292,32.959757376524585,16.479878688262293,50.8447627464892,True
250,250,453.57000000000005,1.005,-1.005,231.30373895136813,31.742839333498033,15.871419666749016,50.949377626104635,True
250,250,453.57000000000005,1.005,0,241.9985439243735,32.841750671063245,16.420875335531623,50.949377626104635,True
250,250,453.57000000000005,1.005,1.005,253.50953631589664,34.00510449358325,17.002552246791623,50.949377626104635,True
250,250,528.315,-1.005,-1.005,325.339398721886,40.88353515882092,20.44176757941046,41.97398978493442,True
250,250,528.315,-1.005,0,343.7780681457175,42.56023639177332,21.28011819588666,41.97398978493442,True
250,250,528.315,-1.005,1.005,363.8746193090865,44.35282524747721,22.176412623738607,41.97398978493442,True
250,250,528.315,0.0,-1.005,344.57994352654214,42.63244065844881,21.316220329224457,41.93217240984032,True
250,250,528.315,0.0,0,364.7495548524407,44.430086146177885,22.215043073088996,41.93217240984032,True
250,250,528.315,0.0,1.005,386.7825856410054,46.355363874266565,23.177681937133336,41.93217240984032,True
250,250,528.315,1.005,-1.005,366.0135052605542,44.541586991656985,22.270793495828542,41.87203231812478,True
250,250,528.315,1.005,0,388.16493638158545,46.47489064291643,23.237445321458264,41.87203231812478,True
250,250,528.315,1.005,1.005,412.42180282010213,48.54936145252696,24.274680726263533,41.87203231812478,True
250,250,603.0600000000001,-1.005,-1.005,481.1702044979306,54.21649452762082,27.10824726381041,35.431535728171966,True
250,250,603.0600000000001,-1.005,0,514.858928075565,56.89315419386343,28.446577096931716,35.431535728171966,True
250,250,603.0600000000001,-1.005,1.005,552.1841990246799,59.79129188821016,29.895645944105134,35.431535728171966,True
250,250,603.0600000000001,0.0,-1.005,519.4513338998536,57.253428575785456,28.626714287892728,35.30211704167447,True
250,250,603.0600000000001,0.0,0,557.280902544851,60.1818829938713,30.09094149693565,35.30211704167447,True
250,250,603.0600000000001,0.0,1.005,599.3405149279242,63.36115448637404,31.68057724318702,35.30211704167447,True
250,250,603.0600000000001,1.005,-1.005,563.1764067079393,60.63221083045517,30.31610541522764,35.154585071811056,True
250,250,603.0600000000001,1.005,0,605.9072243721089,63.850739683336776,31.925369841668388,35.154585071811056,True
250,250,603.0600000000001,1.005,1.005,653.5965803637832,67.35510003028281,33.67755001514141,35.154585071811056,True
250,250,677.8050000000001,-1.005,-1.005,687.9602182910489,69.82792179564323,34.91396089782162,30.474847933688295,True
250,250,677.8050000000001,-1.005,0,745.6129665624876,73.88706672263585,36.94353336131798,30.474847933688295,True
250,250,677.8050000000001,-1.005,1.005,810.5949351414479,78.34025729691506,39.17012864845753,30.474847933688295,True
250,250,677.8050000000001,0.0,-1.005,756.2920568276459,74.62741220678848,37.31370610339424,30.301092447905216,True
250,250,677.8050000000001,0.0,0,822.6601479983988,79.15394944697509,39.5769747234876,30.301092447905216,True
250,250,677.8050000000001,0.0,1.005,897.83558564126,84.138678007725,42.0693390038625,30.301092447905216,True
250,250,677.8050000000001,1.005,-1.005,836.177805246622,80.06095508201172,40.03047754100586,30.11076376139054,True
250,250,677.8050000000001,1.005,0,913.186925143304,85.13948639102323,42.56974319551167,30.11076376139054,True
250,250,677.8050000000001,1.005,1.005,1000.8901452957798,90.75531712290586,45.37765856145299,30.11076376139054,True
250,250,752.5500000000001,-1.005,-1.005,951.2887437135714,87.59998592952083,43.79999296476046,26.642732260177553,True
250,250,752.5500000000001,-1.005,0,1044.434547801533,93.48340389806667,46.741701949033384,26.642732260177553,True
250,250,752.5500000000001,-1.005,1.005,1151.289772429238,100.02551530445841,50.01275765222926,26.642732260177553,True
250,250,752.5500000000001,0.0,-1.005,1063.9273129515495,94.69255424509525,47.346277122547676,26.448642893493552,True
250,250,752.5500000000001,0.0,0,1173.7219980767459,101.37328740011033,50.686643700055164,26.448642893493552,True
250,250,752.5500000000001,0.0,1.005,1300.5107884716554,108.83951436960126,54.41975718480069,26.448642893493552,True
250,250,752.5500000000001,1.005,-1.005,1198.5647256233487,102.85612633834513,51.42806316917257,26.239807424146647,True
250,250,752.5500000000001,1.005,0,1329.2990289552654,110.50114293572803,55.25057146786407,26.239807424146647,True
250,250,752.5500000000001,1.005,1.005,1481.380938250909,119.09304985817197,59.54652492908604,26.239807424146647,True
250,250,827.2950000000001,-1.005,-1.005,1276.0248476342304,107.41676815406585,53.708384077032974,23.616535186784017,True
250,250,827.2950000000001,-1.005,0,1419.2909094828801,115.62162807316784,57.81081403658398,23.616535186784017,True
250,250,827.2950000000001,-1.005,1.005,1586.6177055410944,124.87087266593429,62.43543633296719,23.616535186784017,True
250,250,827.2950000000001,0.0,-1.005,1450.726235907934,117.38519633459721,58.692598167298605,23.415224623171422,True
250,250,827.2950000000001,0.0,0,1623.4802431563367,126.86506280928621,63.43253140464311,23.415224623171422,True
250,250,827.2950000000001,0.0,1.005,1826.966466041993,137.62106683255408,68.8105334162771,23.415224623171422,True
250,250,827.2950000000001,1.005,-1.005,1664.0779381527282,129.04439621420485,64.52219810710248,23.20089280280633,True
250,250,827.2950000000001,1.005,0,1875.0023413843537,140.10234495275515,70.05117247637763,23.20089280280633,True
250,250,827.2950000000001,1.005,1.005,2125.831971837635,152.74067988946933,76.37033994473472,23.20089280280633,True
250,250,902.0400000000001,-1.005,-1.005,1666.4039891613238,129.16873579248352,64.58436789624176,21.178837668625565,True
250,250,902.0400000000001,-1.005,0,1877.7569909701606,140.24400718802738,70.12200359401375,21.178837668625565,True
250,250,902.0400000000001,-1.005,1.005,2129.121386288549,152.90310563359733,76.45155281679867,21.178837668625565,True
250,250,902.0400000000001,0.0,-1.005,1924.6397026769955,142.64481372897626,71.32240686448813,20.977426150584744,True
250,250,902.0400000000001,0.0,0,2185.157893104687,155.657766288826,77.828883144413,20.977426150584744,True
250,250,902.0400000000001,0.0,1.005,2498.2921495547434,170.65248884300522,85.32624442150261,20.977426150584744,True
250,250,902.0400000000001,1.005,-1.005,2246.6849614482744,158.65616517087858,79.32808258543935,20.764502729280053,True
250,250,902.0400000000001,1.005,0,2572.6644485219176,174.12256606117333,87.06128303058672,20.764502729280053,True
250,250,902.0400000000001,1.005,1.005,2969.2297259986235,192.10940590951117,96.05470295475558,20.764502729280053,True
250,250,976.7850000000001,-1.005,-1.005,2126.095945404584,152.75371745748436,76.37685872874223,19.17992441451421,True
250,250,976.7850000000001,-1.005,0,2427.047497688245,167.29693350982959,83.64846675491485,19.17992441451421,True
250,250,976.7850000000001,-1.005,1.005,2791.565596719998,184.15354902932904,92.07677451466452,19.17992441451421,True
250,250,976.7850000000001,0.0,-1.005,2493.2350964431407,170.41533414050434,85.20766707025223,18.982227335321014,True
250,250,976.7850000000001,0.0,0,2872.218282097914,187.7848300283946,93.89241501419735,18.982227335321014,True
250,250,976.7850000000001,0.0,1.005,3337.213170964287,208.11726669757044,104.05863334878528,18.982227335321014,True
250,250,976.7850000000001,1.005,-1.005,2960.614154130665,191.727202381415,95.8636011907075,18.774302478895542,True
250,250,976.7850000000001,1.005,0,3446.4232576896757,212.75682649101805,106.37841324550908,18.774302478895542,True
250,250,976.7850000000001,1.005,1.005,4051.4142800456175,237.65592219546463,118.82796109773238,18.774302478895542,True
250,250,1051.53,-1.005,-1.005,2658.2651143976627,178.07672590920248,89.03836295460124,17.51489276575551,True
250,250,1051.53,-1.005,0,3074.0464647567505,196.73108530461062,98.36554265230531,17.51489276575551,True
250,250,1051.53,-1.005,1.005,3586.9667263061165,218.65856390813184,109.32928195406598,17.51489276575551,True
250,250,1051.53,0.0,-1.005,3163.7283165967256,200.6452652415266,100.32263262076336,17.32288226580706,True
250,250,1051.53,0.0,0,3698.3972988828373,223.2850906949405,111.6425453474703,17.32288226580706,True
250,250,1051.53,0.0,1.005,4368.254020148977,250.21480684858153,125.10740342429088,17.32288226580706,True
250,250,1051.53,1.005,-1.005,3820.3900736675605,228.29910155534597,114.14955077767304,17.121726985418864,True
250,250,1051.53,1.005,0,4522.367368516134,256.2173930490181,128.10869652450904,17.121726985418864,True
250,250,1051.53,1.005,1.005,5417.818731065627,289.88886940977574,144.94443470488798,17.121726985418864,True
250,250,1126.275,-1.005,-1.005,3265.6241282840956,205.0494447601063,102.5247223800532,16.10876351696852,True
250,250,1126.275,-1.005,0,3825.334555455229,228.5012304985592,114.25061524927972,16.10876351696852,True
250,250,1126.275,-1.005,1.005,4528.623399466347,256.4596630493927,128.2298315246964,16.10876351696852,True
250,250,1126.275,0.0,-1.005,3943.013299285829,233.28746445882604,116.64373222941308,15.923372101955799,True
250,250,1126.275,0.0,0,4677.736908297746,262.2029111427489,131.10145557137452,15.923372101955799,True
250,250,1126.275,0.0,1.005,5617.920721002727,297.1618348834447,148.58091744172248,15.923372101955799,True
250,250,1126.275,1.005,-1.005,4840.87029125586,268.4193987805757,134.20969939028797,15.72974931891433,True
250,250,1126.275,1.005,0,5828.737885099479,304.7353118814659,152.36765594073296,15.72974931891433,True
250,250,1126.275,1.005,1.005,7120.34009926784,349.37603214404464,174.68801607202232,15.72974931891433,True
250,250,1201.02,-1.005,-1.005,3950.481584546913,233.58965537078484,116.79482768539248,14.906867526298798,True
250,250,1201.02,-1.005,0,4687.214305860318,262.56594377781533,131.28297188890767,14.906867526298798,True
250,250,1201.02,-1.005,1.005,5630.148408868825,297.60355838820686,148.80177919410355,14.906867526298798,True
250,250,1201.02,0.0,-1.005,4837.689284406773,268.29882839456064,134.14941419728044,14.728437689145668,True
250,250,1201.02,0.0,0,5824.620140566456,304.5882307608435,152.29411538042186,14.728437689145668,True
250,250,1201.02,0.0,1.005,7114.904858792695,349.19388581106693,174.59694290553347,14.728437689145668,True
250,250,1201.02,1.005,-1.005,6037.283864178577,312.14162707948316,156.0708135397417,14.542550090093176,True
250,250,1201.02,1.005,0,7396.15470031656,358.5620610498175,179.28103052490886,14.542550090093176,True
250,250,1201.02,1.005,1.005,7993.198929811782,302.8932518613343,151.44662593066727,14.542550090093176,True
250,250,1275.7649999999999,-1.005,-1.005,4714.784596141813,263.620692462186,131.810346231093,13.868583367383584,True
250,250,1275.7649999999999,-1.005,0,5665.7335055464155,298.88732547614217,149.44366273807108,13.868583367383584,True
250,250,1275.7649999999999,-1.005,1.005,6905.50212051479,342.142216582522,171.071108291261,13.868583367383584,True
250,250,1275.7649999999999,0.0,-1.005,5854.086040623961,305.63998972881586,152.81999486440805,13.697123740448268,True
250,250,1275.7649999999999,0.0,0,7153.807737208812,350.49663027803757,175.2483151390189,13.697123740448268,True
250,250,1275.7649999999999,0.0,1.005,8058.76198268935,313.468065577623,156.7340327888115,13.697123740448268,True
250,250,1275.7649999999999,1.005,-1.005,7425.27168152203,359.5253926103882,179.76269630519423,13.51886553622477,True
250,250,1275.7649999999999,1.005,0,7981.214502548024,301.6409140854423,150.82045704272127,13.51886553622477,True
250,250,1275.7649999999999,1.005,1.005,5867.798645851968,229.65214016524237,114.82607008262129,13.51886553622477,True
250,250,1350.51,-1.005,-1.005,5560.156769936972,295.07095200244686,147.53547600122343,12.96319413820759,True
250,250,1350.51,-1.005,0,6766.7068852358225,337.43074741920213,168.71537370960118,12.96319413820759,True
250,250,1350.51,-1.005,1.005,8024.404948936091,330.94850538168333,165.47425269084178,12.96319413820759,True
250,250,1350.51,0.0,-1.005,6998.287238522145,345.2750453675779,172.63752268378894,12.79852776063089,True
250,250,1350.51,0.0,0,8066.693943969976,320.4011680792272,160.2005840396136,12.79852776063089,True
250,250,1350.51,0.0,1.005,6777.772999008872,250.99553407403755,125.4977670370189,12.79852776063089,True
250,250,1350.51,1.005,-1.005,8040.122171929999,309.2198600658368,154.6099300329184,12.62762833826276,True
250,250,1350.51,1.005,0,6263.288650656423,238.275118678377,119.1375593391885,12.62762833826276,True
250,250,1350.51,1.005,1.005,2501.1653302482373,152.83144384720015,76.42747888958753,12.62762833826276,True
250,250,1425.255,-1.005,-1.005,6487.932144443974,327.87345308348256,163.93672654174128,12.167096696485197,True
250,250,1425.255,-1.005,0,7878.825384561711,344.01950855769513,172.00975427884757,12.167096696485197,True
250,250,1425.255,-1.005,1.005,7587.775527422233,277.84600804296696,138.92300402148348,12.167096696485197,True
250,250,1425.255,0.0,-1.005,7998.335312386593,334.1556323667469,167.07781618337356,12.00894787255937,True
250,250,1425.255,0.0,0,7295.836301239797,266.6365696209784,133.3182848104893,12.00894787255937,True
250,250,1425.255,0.0,1.005,3869.4176168613994,187.4288970531235,93.72886699381091,12.00894787255937,True
250,250,1425.255,1.005,-1.005,6914.673880176157,254.7763313066268,127.3881656533134,11.845054594739791,True
250,250,1425.255,1.005,0,3257.2306125440446,172.9863969403549,86.50650590962856,11.845054594739791,True
250,250,1425.255,1.005,1.005,587.3286155699243,76.32621312058097,38.16897815758469,11.845054594739791,True
250,250,1500.0,-1.005,-1.005,7499.185550422069,361.9654488656593,180.98272443282977,11.46188694531284,True
250,250,1500.0,-1.005,0,7947.020035318099,298.4789168041908,149.23945840209552,11.46188694531284,True
250,250,1500.0,-1.005,1.005,5691.752763364408,226.0547658232147,113.02738291160735,11.46188694531284,True
250,250,1500.0,0.0,-1.005,7795.902952369921,288.12002113242863,144.06001056621443,11.309932474020213,True
250,250,1500.0,0.0,0,5099.200818316764,213.51488466585792,106.75744854568589,11.309932474020213,True
250,250,1500.0,0.0,1.005,1591.4193546557945,123.35366836857837,61.686323493864606,11.309932474020213,True
250,250,1500.0,1.005,-1.005,4463.828006476222,200.24614833893176,100.13807450214884,11.152658571194637,True
250,250,1500.0,1.005,0,1205.064242746972,107.9928430956429,54.00472918498974,11.152658571194637,True
250,250,1500.0,1.005,1.005,0.0052320030372357,0.23441444304924797,0.11722525575417421,11.152658571194637,True
250,450,5.1,-1.005,-1.005,0.4649279934273186,5.198298019783142,2.599149009891571,62.453689569682545,True
250,450,5.1,-1.005,0,4.09736275745003,15.4258442266702,7.7129221133351,62.453689569682545,True
250,450,5.1,-1.005,1.005,10.705247231142685,20.3639146370632,10.1819573185316,62.453689569682545,True
250,450,5.1,0.0,-1.005,0.45631832521676197,5.149950940548541,2.5749754702742704,61.44398532107924,True
250,450,5.1,0.0,0,4.072198716280896,15.378430375798578,7.689215187899289,61.44398532107924,True
250,450,5.1,0.0,1.005,10.673020490006042,20.364786834731802,10.182393417365901,61.44398532107924,True
250,450,5.1,1.005,-1.005,0.4475075871861194,5.0999999999999055,2.5499999999999527,60.43412547432501,True
250,450,5.1,1.005,0,4.046281491855289,15.329443810163582,7.664721905081791,60.43412547432501,True
250,450,5.1,1.005,1.005,10.639719133954616,20.365688103935064,10.182844051967532,60.43412547432501,True
250,450,79.845,-1.005,-1.005,45.676804025513725,19.427182860910637,9.713591430455319,70.34974492807147,True
250,450,79.845,-1.005,0,50.80504997885104,19.29574110617743,9.647870553088723,70.34974492807147,True
250,450,79.845,-1.005,1.005,55.751224532315554,19.171924891254395,9.585962445627198,70.34974492807147,True
250,450,79.845,0.0,-1.005,45.37763148296551,19.434933801633946,9.71746690081698,69.28728078937806,True
250,450,79.845,0.0,0,50.51693373285717,19.303048987968623,9.651524493984311,69.28728078937806,True
250,450,79.845,0.0,1.005,55.472957529064885,19.178802884368423,9.589401442184219,69.28728078937806,True
250,450,79.845,1.005,-1.005,45.06181442983327,19.44312502342034,9.721562511710173,68.22175892130778,True
250,450,79.845,1.005,0,50.21283903529704,19.310772728137245,9.655386364068622,68.22175892130778,True
250,450,79.845,1.005,1.005,55.17930812416279,19.18607307533688,9.59303653766844,68.22175892130778,True
250,450,154.59,-1.005,-1.005,85.60492434232287,18.523564954498354,9.261782477249191,79.10106003786095,True
250,450,154.59,-1.005,0,89.73582809397999,18.45222556821484,9.22611278410742,79.10106003786095,True
250,450,154.59,-1.005,1.005,93.82340697712272,18.387068892803008,9.193534446401504,79.10106003786095,True
250,450,154.59,0.0,-1.005,85.32865722411461,18.52852600436881,9.264263002184418,78.0292951560815,True
250,450,154.59,0.0,0,89.46288082349358,18.4567718925366,9.2283859462683,78.0292951560815,True
250,450,154.59,0.0,1.005,93.55295674188486,18.39120786304493,9.195603931522465,78.0292951560815,True
250,450,154.59,1.005,-1.005,85.02477757882505,18.534009809124854,9.267004904562441,76.95092708856883,True
250,450,154.59,1.005,0,89.16271389178715,18.461799359540148,9.230899679770074,76.95092708856883,True
250,450,154.59,1.005,1.005,93.25559561983962,18.395787148930058,9.197893574465029,76.95092708856883,True
250,450,229.335,-1.005,-1.005,123.21465427607666,18.091413724296082,9.045706862148053,88.39451717863501,True
250,450,229.335,-1.005,0,127.37568874012459,18.07416322417009,9.037081612085045,88.39451717863501,True
250,450,229.335,-1.005,1.005,131.5946024797521,18.06249746419283,9.031473821734538,88.39451717863501,True
250,450,229.335,0.0,-1.005,123.13722069161588,18.091790180289326,9.045895090144663,87.37069771103559,True
250,450,229.335,0.0,0,127.29727061943032,18.074434874254894,9.037217437127447,87.37069771103559,True
250,450,229.335,0.0,1.005,131.5150046693604,18.062664727445274,9.031536998238343,87.37069771103559,True
250,450,229.335,1.005,-1.005,123.02120629711362,18.092358038021583,9.046179019010792,86.33749401886219,True
250,450,229.335,1.005,0,127.17978757841553,18.074845647574932,9.037422823787466,86.33749401886219,True
250,450,229.335,1.005,1.005,131.3957605587296,18.062919050084158,9.031635328447992,86.33749401886219,True
250,450,304.08000000000004,-1.005,-1.005,165.31374463234386,19.913334877364644,9.956667438682347,82.22750875274563,True
250,450,304.08000000000004,-1.005,0,170.4417140499288,20.297927326527734,10.148963663263892,82.22750875274563,True
250,450,304.08000000000004,-1.005,1.005,175.73541557704596,20.701581766499896,10.350790883249948,82.22750875274563,True
250,450,304.08000000000004,0.0,-1.005,165.74299816801954,19.945253213425808,9.972626606712904,83.14718547731073,True
250,450,304.08000000000004,0.0,0,170.88451398571613,20.331452190578833,10.16572609528944,83.14718547731073,True
250,450,304.08000000000004,0.0,1.005,176.19291718434806,20.73674008707415,10.368370043537075,83.14718547731073,True
250,450,304.08000000000004,1.005,-1.005,166.12355000428124,19.973594560846674,9.986797280423337,84.07672592461732,True
250,450,304.08000000000004,1.005,0,171.27712617128952,20.361216049383437,10.180608024691743,84.07672592461732,True
250,450,304.08000000000004,1.005,1.005,176.59861533816354,20.767950708541132,10.38397535427059,84.07672592461732,True
250,450,378.82500000000005,-1.005,-1.005,218.24959153757618,24.063535874135546,12.031767937067798,73.24736325969538,True
250,450,378.82500000000005,-1.005,0,225.4223209518334,24.637129350420235,12.318564675210142,73.24736325969538,True
250,450,378.82500000000005,-1.005,1.005,232.9186962382655,25.235689772962065,12.617844886481032,73.24736325969538,True
250,450,378.82500000000005,0.0,-1.005,219.8468480195088,24.19130459811783,12.095652299058916,74.02475948491845,True
250,450,378.82500000000005,0.0,0,227.09085193127385,24.77046172505973,12.38523086252989,74.02475948491845,True
250,450,378.82500000000005,0.0,1.005,234.6638068942991,25.374824711032396,12.687412355516223,74.02475948491845,True
250,450,378.82500000000005,1.005,-1.005,221.40563381902552,24.31598145585951,12.157990727929755,74.80976302568797,True
250,450,378.82500000000005,1.005,0,228.71964058655954,24.900565851761083,12.450282925880567,74.80976302568797,True
250,450,378.82500000000005,1.005,1.005,236.3678083497416,25.510591839013365,12.755295919506683,74.80976302568797,True
250,450,453.57000000000005,-1.005,-1.005,287.93927701190887,29.555634223866885,14.777817111933468,65.0362236464216,True
250,450,453.57000000000005,-1.005,0,298.58802626967986,30.372013338274968,15.186006669137484,65.0362236464216,True
250,450,453.57000000000005,-1.005,1.005,309.823990617939,31.225772675031248,15.612886337515647,65.0362236464216,True
250,450,453.57000000000005,0.0,-1.005,291.92216318198643,29.86179859946412,14.93089929973206,65.65906105471821,True
250,450,453.57000000000005,0.0,0,302.7890234277627,30.69214596766987,15.346072983834935,65.65906105471821,True
250,450,453.57000000000005,0.0,1.005,314.26016726742023,31.560682702655214,15.780341351327607,65.65906105471821,True
250,450,453.57000000000005,1.005,-1.005,295.9475639688487,30.170237823634753,15.085118911817377,66.28548336755911,True
250,450,453.57000000000005,1.005,0,307.0367178792874,31.01471807096023,15.507359035480116,66.28548336755911,True
250,450,453.57000000000005,1.005,1.005,318.7476265096702,31.898214525991857,15.949107262995954,66.28548336755911,True
250,450,528.315,-1.005,-1.005,379.8974707630887,36.37552703210637,18.187763516053185,57.78659685582706,True
250,450,528.315,-1.005,0,396.00167058517536,37.51851261840322,18.75925630920161,57.78659685582706,True
250,450,528.315,-1.005,1.005,413.1419999873233,38.71956883981169,19.359784419905846,57.78659685582706,True
250,450,528.315,0.0,-1.005,388.2256470208299,36.96840627943418,18.48420313971714,58.26412991765616,True
250,450,528.315,0.0,0,404.86294123374955,38.14139174442531,19.070695872212706,58.26412991765616,True
250,450,528.315,0.0,1.005,422.5826129474199,39.37450558370373,19.687252791851915,58.26412991765616,True
250,450,528.315,1.005,-1.005,396.84064099713487,37.57766724624036,18.78883362312018,58.74090792500438,True
250,450,528.315,1.005,0,414.0355448272312,38.78175548969752,19.390877744848808,58.74090792500438,True
250,450,528.315,1.005,1.005,432.3616294434037,40.04812945638392,20.02406472819196,58.74090792500438,True
250,450,603.0600000000001,-1.005,-1.005,499.2623627161911,44.53461160714664,22.26730580357332,51.52996019994464,True
250,450,603.0600000000001,-1.005,0,523.528132751725,46.1134452883522,23.05672264417615,51.52996019994464,True
250,450,603.0600000000001,-1.005,1.005,549.5790540978828,47.78227375581753,23.891136877908817,51.52996019994464,True
250,450,603.0600000000001,0.0,-1.005,514.8075468786651,45.54882542962222,22.77441271481111,51.883057329583764,True
250,450,603.0600000000001,0.0,0,540.2123824072601,47.18526311279142,23.59263155639576,51.883057329583764,True
250,450,603.0600000000001,0.0,1.005,567.5133186033195,48.91620922251963,24.45810461125987,51.883057329583764,True
250,450,603.0600000000001,1.005,-1.005,531.192287930281,46.6071556450651,23.3035778225326,52.231742501037964,True
250,450,603.0600000000001,1.005,0,557.8151689006281,48.30449499515227,24.152247497576134,52.231742501037964,True
250,450,603.0600000000001,1.005,1.005,586.4543704600555,50.1011821544096,25.05059107720485,52.231742501037964,True
250,450,677.8050000000001,-1.005,-1.005,650.8197808579571,54.037809926265766,27.018904963132883,46.19584678874083,True
250,450,677.8050000000001,-1.005,0,686.8435648444365,56.18502189945481,28.092510949727405,46.19584678874083,True
250,450,677.8050000000001,-1.005,1.005,725.8616052634907,58.46931090192973,29.234655450964915,46.19584678874083,True
250,450,677.8050000000001,0.0,-1.005,677.5213773388459,55.63299680375586,27.816498401877983,46.448395633771916,True
250,450,677.8050000000001,0.0,0,715.7577002242647,57.88174823392625,28.940874116963126,46.448395633771916,True
250,450,677.8050000000001,0.0,1.005,757.2302017814118,60.276540161078856,30.138270080539428,46.448395633771916,True
250,450,677.8050000000001,1.005,-1.005,706.1310006031249,57.3193889772077,28.6596944886039,46.693909270694284,True
250,450,677.8050000000001,1.005,0,746.7813450742833,59.67734403019242,29.83867201509621,46.693909270694284,True
250,450,677.8050000000001,1.005,1.005,790.9364856168804,62.191150774182816,31.095575387091408,46.693909270694284,True
250,450,752.5500000000001,-1.005,-1.005,839.0256354918165,64.87682013831316,32.43841006915663,41.66828905644607,True
250,450,752.5500000000001,-1.005,0,891.444175382172,67.74704202651479,33.873521013257395,41.66828905644607,True
250,450,752.5500000000001,-1.005,1.005,948.740749496018,70.82135634124846,35.41067817062423,41.66828905644607,True
250,450,752.5500000000001,0.0,-1.005,882.033163116027,67.23592608426263,33.617963042131315,41.84232402279244,True
250,450,752.5500000000001,0.0,0,938.4445642711917,70.27352043246812,35.13676021623406,41.84232402279244,True
250,450,752.5500000000001,0.0,1.005,1000.221898608188,73.5317111095267,36.7658555547634,41.84232402279244,True
250,450,752.5500000000001,1.005,-1.005,928.8113273942872,69.75915916304179,34.87957958152094,42.00767032759544,True
250,450,752.5500000000001,1.005,0,989.6622205772755,72.97959717741062,36.48979858870531,42.00767032759544,True
250,450,752.5500000000001,1.005,1.005,1056.4334613724395,76.43905265302973,38.21952632651487,42.00767032759544,True
250,450,827.2950000000001,-1.005,-1.005,1068.026818814329,77.03226237215553,38.516131186077814,37.82246519440524,True
250,450,827.2950000000001,-1.005,0,1142.6545868516878,80.80133652187519,40.40066826093759,37.82246519440524,True
250,450,827.2950000000001,-1.005,1.005,1224.9967810928738,84.86701765456938,42.43350882728469,37.82246519440524,True
250,450,827.2950000000001,0.0,-1.005,1133.8302295253816,80.35999014997904,40.17999507498958,37.93632546241818,True
250,450,827.2950000000001,0.0,0,1215.2487355470712,84.39051417354635,42.195257086773175,37.93632546241818,True
250,450,827.2950000000001,0.0,1.005,1305.3035848609834,88.74624119525754,44.37312059762883,37.93632546241818,True
250,450,827.2950000000001,1.005,-1.005,1206.418885695075,83.95780516355897,41.978902581779536,38.040595285298544,True
250,450,827.2950000000001,1.005,0,1295.524913624804,88.27817629595606,44.13908814797808,38.040595285298544,True
250,450,827.2950000000001,1.005,1.005,1394.3384239529514,92.95627112907137,46.478135564535684,38.040595285298544,True
250,450,902.0400000000001,-1.005,-1.005,1341.6806777000456,90.47742310344722,45.23871155172366,34.54302011162637,True
250,450,902.0400000000001,-1.005,0,1445.6357918883878,95.34159850153327,47.670799250766684,34.54302011162637,True
250,450,902.0400000000001,-1.005,1.005,1561.4437871539458,100.62671526414191,50.313357632070954,34.54302011162637,True
250,450,902.0400000000001,0.0,-1.005,1438.2295666654354,94.99895168512633,47.499475842563214,34.611175717876584,True
250,450,902.0400000000001,0.0,0,1553.1808834954954,100.25399750832635,50.12699875416323,34.611175717876584,True
250,450,902.0400000000001,0.0,1.005,1681.6336989034426,105.97710525079002,52.98855262539501,34.611175717876584,True
250,450,902.0400000000001,1.005,-1.005,1546.1754225257018,99.93748839133809,49.968744195669046,34.669364129755984,True
250,450,902.0400000000001,1.005,0,1673.7930464668607,105.63199140726078,52.81599570363045,34.669364129755984,True
250,450,902.0400000000001,1.005,1.005,1816.8693300607447,111.84912261175042,55.92456130587521,34.669364129755984,True
250,450,976.7850000000001,-1.005,-1.005,1663.5731675978423,105.18135454026677,52.59067727013344,31.730792224622128,True
250,450,976.7850000000001,-1.005,0,1805.3927309142518,111.35651541713189,55.678257708565994,31.730792224622128,True
250,450,976.7850000000001,-1.005,1.005,1964.934288600547,118.11582086144944,59.05791043072478,31.730792224622128,True
250,450,976.7850000000001,0.0,-1.005,1800.3857917654677,111.14128162827096,55.57064081413553,31.764351416822187,True
250,450,976.7850000000001,0.0,0,1959.2914519878586,117.87990192663308,58.93995096331654,31.764351416822187,True
250,450,976.7850000000001,0.0,1.005,2138.731627306701,125.27710099176451,62.63855049588226,31.764351416822187,True
250,450,976.7850000000001,1.005,-1.005,1955.3439268217471,117.7147288999352,58.857364449967655,31.787909411046314,True
250,450,976.7850000000001,1.005,0,2134.265297750824,125.09551662332292,62.54775831166146,31.787909411046314,True
250,450,976.7850000000001,1.005,1.005,2337.130979455058,133.2226132598167,66.61130662990836,31.787909411046314,True
250,450,1051.53,-1.005,-1.005,2037.0357863904565,121.11099854615222,60.555499273076165,29.303616840284366,True
250,450,1051.53,-1.005,0,2226.7815125895777,128.8319180519759,64.415959025988,29.303616840284366,True
250,450,1051.53,-1.005,1.005,2442.3639343800714,137.34681037652658,68.67340518826333,29.303616840284366,True
250,450,1051.53,0.0,-1.005,2225.298732585379,128.7724402489671,64.38622012448354,29.310998756346148,True
250,450,1051.53,0.0,0,2440.6755813990803,137.28110749886838,68.64055374943419,29.310998756346148,True
250,450,1051.53,0.0,1.005,2686.4964186763063,146.69717469287514,73.34858734643767,29.310998756346148,True
250,450,1051.53,1.005,-1.005,2441.2338010424373,137.30283246970177,68.65141623485088,29.308557282654668,True
250,450,1051.53,1.005,0,2687.1350442678413,146.72125960564674,73.36062980282347,29.308557282654668,True
250,450,1051.53,1.005,1.005,2969.182315826478,157.18310900347484,78.59155450173753,29.308557282654668,True
250,450,1126.275,-1.005,-1.005,2465.161378855106,138.23252946388732,69.11626473194376,27.19463666266327,True
250,450,1126.275,-1.005,0,2714.516297094313,147.75215157687657,73.87607578843834,27.19463666266327,True
250,450,1126.275,-1.005,1.005,3000.6762556679005,158.33064577181284,79.16532288590653,27.19463666266327,True
250,450,1126.275,0.0,-1.005,2717.820653305027,147.87632830578198,73.9381641528911,27.182194850962393,True
250,450,1126.275,0.0,0,3004.478094053962,158.46890515719193,79.23445257859596,27.182194850962393,True
250,450,1126.275,0.0,1.005,3335.2265963170885,170.2879364148811,85.14396820744066,27.182194850962393,True
250,450,1126.275,1.005,-1.005,3011.2060998999223,158.71343866776414,79.35671933388217,27.160230759267023,True
250,450,1126.275,1.005,0,3343.0111676748984,170.56136507769008,85.28068253884516,27.160230759267023,True
250,450,1126.275,1.005,1.005,3728.1095339522108,183.8401701752731,91.92008508763665,27.160230759267023,True
250,450,1201.02,-1.005,-1.005,2950.8188949014802,156.51216761271317,78.25608380635659,25.349864982556657,True
250,450,1201.02,-1.005,0,3273.175861008105,168.10092117642418,84.05046058821209,25.349864982556657,True
250,450,1201.02,-1.005,1.005,3646.867487023139,181.07763830057627,90.53881915028825,25.349864982556657,True
250,450,1201.02,0.0,-1.005,3282.663142992051,168.4361783549189,84.21808917745955,25.322397010270862,True
250,450,1201.02,0.0,0,3657.8985504785815,181.45390643868717,90.72695321934359,25.322397010270862,True
250,450,1201.02,0.0,1.005,4095.6411459333813,196.10063519514523,98.05031759757271,25.322397010270862,True
250,450,1201.02,1.005,-1.005,3672.678844178243,181.95747968955186,90.97873984477593,25.285773512451364,True
250,450,1201.02,1.005,0,4112.940107800989,196.66864239491062,98.33432119745531,25.285773512451364,True
250,450,1201.02,1.005,1.005,4630.105569146952,213.3078424650619,106.65392123253106,25.285773512451364,True
250,450,1275.7649999999999,-1.005,-1.005,3496.6671779788976,175.91665738882566,87.95832869441283,23.725775201852404,True
250,450,1275.7649999999999,-1.005,0,3907.209861398209,189.86180473676146,94.93090236838084,23.725775201852404,True
250,450,1275.7649999999999,-1.005,1.005,4387.991461616806,205.59798400147952,102.79899200073976,23.725775201852404,True
250,450,1275.7649999999999,0.0,-1.005,3924.4036854844962,190.43509261165173,95.21754630582586,23.686915886315965,True
250,450,1275.7649999999999,0.0,0,4408.196384066197,206.24660526822728,103.12330263411376,23.686915886315965,True
250,450,1275.7649999999999,0.0,1.005,4978.90176062538,224.18779712156177,112.09389856078089,23.686915886315965,True
250,450,1275.7649999999999,1.005,-1.005,4433.1324177988645,207.04576964861556,103.5228848243079,23.639296878572296,True
250,450,1275.7649999999999,1.005,0,5008.429250707859,225.09723507339947,112.54861753669985,23.639296878572296,True
250,450,1275.7649999999999,1.005,1.005,5644.634183497519,229.65214016524257,114.82607008262129,23.639296878572296,True
250,450,1350.51,-1.005,-1.005,4105.167853870114,196.41353901169538,98.2067695058478,22.28720155800995,True
250,450,1350.51,-1.005,0,4620.9448156449835,213.01856016279692,106.50928008139846,22.28720155800995,True
250,450,1350.51,-1.005,1.005,5231.164587832662,231.90209734914896,115.95104867457448,22.28720155800995,True
250,450,1350.51,0.0,-1.005,4647.491928358764,213.85636376794062,106.92818188397031,22.23971805661718,True
250,450,1350.51,0.0,0,5262.696121962186,232.85772642470346,116.42886321235186,22.23971805661718,True
250,450,1350.51,0.0,1.005,5646.968228484375,210.8256431523498,105.41282157617502,22.23971805661718,True
250,450,1350.51,1.005,-1.005,5300.115056502111,233.98936840190368,116.99468420095194,22.183877152689938,True
250,450,1350.51,1.005,0,5626.024342005565,208.12099620084052,104.06049810042026,22.183877152689938,True
250,450,1350.51,1.005,1.005,4290.18884904229,157.82749757827006,78.91374878913514,22.183877152689938,True
250,450,1425.255,-1.005,-1.005,4778.597384464101,217.97129489027824,108.98564744513924,21.00561407905207,True
250,450,1425.255,-1.005,0,5418.589812530448,237.5553072234624,118.7776536117312,21.00561407905207,True
250,450,1425.255,-1.005,1.005,5526.593327691597,199.6660741217961,99.83303706089816,21.00561407905207,True
250,450,1425.255,0.0,-1.005,5456.255667569596,238.6836638292933,119.34183191464665,20.951624533815348,True
250,450,1425.255,0.0,0,5484.8366511696695,197.01219103697463,98.50609551848741,20.951624533815348,True
250,450,1425.255,0.0,1.005,3721.7295146650868,146.08605352189912,73.04302676094956,20.951624533815348,True
250,450,1425.255,1.005,-1.005,5430.537544648034,193.9557506166544,96.9778753083272,20.889672748915913,True
250,450,1425.255,1.005,0,3548.7113429065357,142.86822696939655,71.43411348469837,20.889672748915913,True
250,450,1425.255,1.005,1.005,1065.5811858824163,79.71704758864767,39.8646562405913,20.889672748915913,True
250,450,1500.0,-1.005,-1.005,5519.058345972133,240.55942020306864,120.27971010153432,19.857741505866134,True
250,450,1500.0,-1.005,0,5404.792486004977,192.62337894077126,96.31168947038574,19.857741505866134,True
250,450,1500.0,-1.005,1.005,3471.0514384748276,141.46749947970383,70.73374973985203,19.857741505866134,True
250,450,1500.0,0.0,-1.005,5343.97535079758,189.70339838555526,94.85169919277763,19.79887635452493,True
250,450,1500.0,0.0,0,3298.7597669914467,137.90383904440523,68.95257536096021,19.79887635452493,True
250,450,1500.0,0.0,1.005,916.9861651772444,74.07572135179842,37.04355914811635,19.79887635452493,True
250,450,1500.0,1.005,-1.005,3102.836898149275,133.82912732064705,66.92410175400198,19.732429200842155,True
250,450,1500.0,1.005,0,809.2583086511731,69.68054841164154,34.84563456765035,19.732429200842155,True
250,450,1500.0,1.005,1.005,0.009492341829172801,0.24364696972755234,0.121842229474532,19.732429200842155,True
500,100,5.1,-1.005,-1.005,0.5427822435132231,6.0687760287965835,3.0343880143982918,12.438365254491526,True
500,100,5.1,-1.005,0,38.37241020357065,50.65780026069901,25.328900130349506,12.438365254491526,True
500,100,5.1,-1.005,1.005,117.03686203650237,83.03228196596606,41.51614098298303,12.438365254491526,True
500,100,5.1,0.0,-1.005,0.45974190769580114,5.585720923387043,2.7928604616935213,11.4234333842111,True
500,100,5.1,0.0,0,37.75972560410446,50.25506894996128,25.12753447498064,11.4234333842111,True
500,100,5.1,0.0,1.005,116.19831058232123,83.09758989531414,41.54879494765707,11.4234333842111,True
500,100,5.1,1.005,-1.005,0.38320205568375754,5.099999999998313,2.5499999999991565,10.408465549863587,True
500,100,5.1,1.005,0,37.14881582713956,49.850183972509406,24.925091986254703,10.408465549863587,True
500,100,5.1,1.005,1.005,115.35222226945051,83.16324019861324,41.58162009930662,10.408465549863587,True
500,100,79.845,-1.005,-1.005,127.18494691312708,82.22186937867039,41.110934689335195,14.572955828811946,True
500,100,79.845,-1.005,0,188.0919683485364,76.2334928248445,38.11674641242225,14.572955828811946,True
500,100,79.845,-1.005,1.005,222.34508284179222,71.0785722571094,35.53928612855471,14.572955828811946,True
500,100,79.845,0.0,-1.005,112.2819510820282,83.39944476309985,41.699722381549925,13.387735014877137,True
500,100,79.845,0.0,0,179.51181438686885,77.24059690928294,38.62029845464147,13.387735014877137,True
500,100,79.845,0.0,1.005,217.64586253959013,71.94944046190301,35.97472023095151,13.387735014877137,True
500,100,79.845,1.005,-1.005,96.24935192807693,79.844999999999,39.9224999999995,12.201488286302911,True
500,100,79.845,1.005,0,169.95845448901713,78.28142386737339,39.140711933686696,12.201488286302911,True
500,100,79.845,1.005,1.005,212.34799847441266,72.84779324216792,36.42389662108396,12.201488286302911,True
500,100,154.59,-1.005,-1.005,239.81183888869973,66.69442404106405,33.347212020532034,17.564346099903478,True
500,100,154.59,-1.005,0,247.41281751881039,62.74996276859808,31.37498138429904,17.564346099903478,True
500,100,154.59,-1.005,1.005,248.44590147462773,59.26323234714024,29.63161617357012,17.564346099903478,True
500,100,154.59,0.0,-1.005,233.94612377487383,68.46945574964023,34.23472787482012,16.14631233299278,True
500,100,154.59,0.0,0,245.26504828074047,64.31078740973396,32.155393704866995,16.14631233299278,True
500,100,154.59,0.0,1.005,248.63396828616104,60.64595785517602,30.32297892758801,16.14631233299278,True
500,100,154.59,1.005,-1.005,225.89006860657287,70.36328270763714,35.18164135381857,14.72443130195992,True
500,100,154.59,1.005,0,241.75479761134116,65.9704789820912,32.98523949104561,14.72443130195992,True
500,100,154.59,1.005,1.005,247.9814484151528,62.111920190909196,31.055960095454598,14.72443130195992,True
500,100,229.335,-1.005,-1.005,236.81055025918647,52.25161082879477,26.125805414397398,22.025355222696145,True
500,100,229.335,-1.005,0,229.3047778517793,49.85860554266019,24.929302771330107,22.025355222696145,True
500,100,229.335,-1.005,1.005,221.20308190620614,47.68921965016762,23.84460982508381,22.025355222696145,True
500,100,229.335,0.0,-1.005,241.65728689093385,54.18526498354958,27.09263249177479,20.27727514018708,True
500,100,229.335,0.0,0,234.93899043372772,51.604553503402514,25.802276751701257,20.27727514018708,True
500,100,229.335,0.0,1.005,227.2330641831611,49.27296244689978,24.636481223449906,20.27727514018708,True
500,100,229.335,1.005,-1.005,245.60639136734687,56.31282131066978,28.15641065533489,18.517104199760045,True
500,100,229.335,1.005,0,240.11567261458583,53.518374071163976,26.759187035582,18.517104199760045,True
500,100,229.335,1.005,1.005,233.0924319434739,51.003106022936805,25.501553011468403,18.517104199760045,True
500,100,304.08000000000004,-1.005,-1.005,179.46753958971613,39.05495413407809,19.527477067039044,29.263328353784367,True
500,100,304.08000000000004,-1.005,0,172.32618139827753,37.774523856082766,18.88726192804141,29.263328353784367,True
500,100,304.08000000000004,-1.005,1.005,165.5509683591763,36.58628598179128,18.293142990895667,29.263328353784367,True
500,100,304.08000000000004,0.0,-1.005,188.5969672648331,40.74557111595785,20.372785557978954,27.04033057392212,True
500,100,304.08000000000004,0.0,0,181.02735638873685,39.33913453520567,19.669567267602837,27.04033057392212,True
500,100,304.08000000000004,0.0,1.005,173.8092895832524,38.03786417284668,19.01893208642334,27.04033057392212,True
500,100,304.08000000000004,1.005,-1.005,198.50396652437223,42.671047786900424,21.335523893450212,24.779000636231068,True
500,100,304.08000000000004,1.005,0,190.54175600254007,41.1151661844864,20.557583092243227,24.779000636231068,True
500,100,304.08000000000004,1.005,1.005,182.88825907010596,39.68053364437684,19.84026682218842,24.779000636231068,True
500,100,378.82500000000005,-1.005,-1.005,112.23286605918497,27.632672103939097,13.816336051969548,42.34190289136429,True
500,100,378.82500000000005,-1.005,0,108.92427402866656,27.077451802413574,13.538725901206812,42.34190289136429,True
500,100,378.82500000000005,-1.005,1.005,105.80723734081562,26.552112185843566,13.276056092921783,42.34190289136429,True
500,100,378.82500000000005,0.0,-1.005,118.70002342721045,28.712529790308896,14.356264895154474,39.5312463846331,True
500,100,378.82500000000005,0.0,0,115.01437871668031,28.097865903666037,14.048932951833043,39.5312463846331,True
500,100,378.82500000000005,0.0,1.005,111.54401433144244,27.517255909825366,13.758627954912708,39.5312463846331,True
500,100,378.82500000000005,1.005,-1.005,126.44872730919565,30.000749643775773,15.000374821887911,36.5930265128153,True
500,100,378.82500000000005,1.005,0,122.3077787124621,29.31279745386583,14.65639872693294,36.5930265128153,True
500,100,378.82500000000005,1.005,1.005,118.41053122912126,28.6643103334208,14.3321551667104,36.5930265128153,True
500,100,453.57000000000005,-1.005,-1.005,67.372726245678,19.624019858622624,9.812009929311312,67.7019531927961,True
500,100,453.57000000000005,-1.005,0,66.64482671987435,19.47274401634882,9.73637200817441,67.7019531927961,True
500,100,453.57000000000005,-1.005,1.005,65.96702911609214,19.329684156926614,9.664842078463323,67.7019531927961,True
500,100,453.57000000000005,0.0,-1.005,68.64163975973838,19.882930484707718,9.941465242353859,65.0945578348964,True
500,100,453.57000000000005,0.0,0,67.8299111289009,19.717951956774773,9.858975978387386,65.0945578348964,True
500,100,453.57000000000005,0.0,1.005,67.07135107762906,19.561657593776552,9.780828796888276,65.0945578348964,True
500,100,453.57000000000005,1.005,-1.005,70.32632626008922,20.219144982840454,10.109572491420245,62.19265311860925,True
500,100,453.57000000000005,1.005,0,69.40827261103072,20.036876406773658,10.018438203386829,62.19265311860925,True
500,100,453.57000000000005,1.005,1.005,68.54757320496674,19.86392144765694,9.93196072382847,62.19265311860925,True
500,100,528.315,-1.005,-1.005,68.23582964291018,20.104767198925572,10.052383599462809,74.50704270092947,True
500,100,528.315,-1.005,0,69.08204054542921,20.325983512813895,10.162991756406948,74.50704270092947,True
500,100,528.315,-1.005,1.005,69.9861162892712,20.55676567546442,10.27838283773221,74.50704270092947,True
500,100,528.315,0.0,-1.005,69.36040718822323,20.397614132746,10.198807066373023,74.19053015445988,True
500,100,528.315,0.0,0,70.28323556908845,20.631495350663542,10.315747675331771,74.19053015445988,True
500,100,528.315,0.0,1.005,71.26739817910311,20.87550467603549,10.437752338017745,74.19053015445988,True
500,100,528.315,1.005,-1.005,70.73588531699261,20.744370878341655,10.372185439170828,73.7203249390193,True
500,100,528.315,1.005,0,71.74972637576548,20.993274902383646,10.496637451191823,73.7203249390193,True
500,100,528.315,1.005,1.005,72.82924820716471,21.25299225885951,10.626496129429782,73.7203249390193,True
500,100,603.0600000000001,-1.005,-1.005,131.5824469312097,32.46239911053106,16.23119955526553,46.03602467361093,True
500,100,603.0600000000001,-1.005,0,136.6318208351281,33.29629695626006,16.64814847813003,46.03602467361093,True
500,100,603.0600000000001,-1.005,1.005,142.06022425992205,34.178933841930984,17.089466920965535,46.03602467361093,True
500,100,603.0600000000001,0.0,-1.005,147.23956013949373,35.00857187895892,17.50428593947946,44.1366501737748,True
500,100,603.0600000000001,0.0,0,153.48856205485117,35.99438374888922,17.99719187444461,44.1366501737748,True
500,100,603.0600000000001,0.0,1.005,160.23618019027617,37.041483310981086,18.520741655490543,44.1366501737748,True
500,100,603.0600000000001,1.005,-1.005,168.66529174805555,38.32605328155553,19.163026640777765,41.97788540166801,True
500,100,603.0600000000001,1.005,0,176.66967245709793,39.52357615647482,19.76178807823741,41.97788540166801,True
500,100,603.0600000000001,1.005,1.005,185.36239876411128,40.80132578355424,20.400662891777166,41.97788540166801,True
500,100,677.8050000000001,-1.005,-1.005,269.2678412473756,52.18930001739776,26.094650008698935,31.19138569361228,True
500,100,677.8050000000001,-1.005,0,287.0946877055617,54.43626558045934,27.218132790229724,31.19138569361228,True
500,100,677.8050000000001,-1.005,1.005,306.90738641671715,56.87765607962657,28.438828039813284,31.19138569361228,True
500,100,677.8050000000001,0.0,-1.005,325.033277040935,59.064141056942795,29.532070528471397,29.354005100662096,True
500,100,677.8050000000001,0.0,0,349.2946569045862,61.92669884971368,30.96334942485684,29.354005100662096,True
500,100,677.8050000000001,0.0,1.005,376.5528706787777,65.06354358515014,32.53177179257507,29.354005100662096,True
500,100,677.8050000000001,1.005,-1.005,406.1718510541282,68.38647105934918,34.19323552967459,27.37915724087241,True
500,100,677.8050000000001,1.005,0,440.8941568921723,72.18023979042218,36.09011989521114,27.37915724087241,True
500,100,677.8050000000001,1.005,1.005,480.46035875826055,76.38391851971055,38.19195925985533,27.37915724087241,True
500,100,752.5500000000001,-1.005,-1.005,489.4736615579195,77.32522349064803,38.66261174532407,23.147968430388183,True
500,100,752.5500000000001,-1.005,0,536.1626616643098,82.11277318164417,41.056386590822136,23.147968430388183,True
500,100,752.5500000000001,-1.005,1.005,590.0602779877336,87.47209335014668,43.73604667507334,23.147968430388183,True
500,100,752.5500000000001,0.0,-1.005,622.600794375111,90.63000475717533,45.315002378587714,21.601643776920355,True
500,100,752.5500000000001,0.0,0,690.7311096091034,97.07302671073845,48.53651335536922,21.601643776920355,True
500,100,752.5500000000001,0.0,1.005,770.8468925872103,104.39130352132517,52.19565176066264,21.601643776920355,True
500,100,752.5500000000001,1.005,-1.005,827.092153735719,109.38259461219263,54.691297306096374,19.980738344022292,True
500,100,752.5500000000001,1.005,0,933.0900471446912,118.50268487058733,59.25134243529372,19.980738344022292,True
500,100,752.5500000000001,1.005,1.005,1060.8419008711753,129.06502040886014,64.53251020443007,19.980738344022292,True
500,100,827.2950000000001,-1.005,-1.005,797.6181725920833,106.78116022458372,53.39058011229186,18.28532160018294,True
500,100,827.2950000000001,-1.005,0,897.815890671809,115.50647538815171,57.753237694075914,18.28532160018294,True
500,100,827.2950000000001,-1.005,1.005,1018.1758276555402,125.58505886216552,62.79252943108282,18.28532160018294,True
500,100,827.2950000000001,0.0,-1.005,1057.4942366981822,128.7936077747657,64.39680388738284,16.98973364826625,True
500,100,827.2950000000001,0.0,0,1212.4844512269756,141.09050274733713,70.54525137366856,16.98973364826625,True
500,100,827.2950000000001,0.0,1.005,1403.838935526228,155.60605766277337,77.80302883138673,16.98973364826625,True
500,100,827.2950000000001,1.005,-1.005,1477.8065017377758,161.04703115186598,80.52351557593299,15.649060296025548,True
500,100,827.2950000000001,1.005,0,1737.2351904334919,179.4935305915477,89.74676529577386,15.649060296025548,True
500,100,827.2950000000001,1.005,1.005,2069.821492353941,201.9282598837449,100.96412994187244,15.649060296025548,True
500,100,902.0400000000001,-1.005,-1.005,1197.0352966378614,139.88813020837267,69.94406510418634,15.071130840796853,True
500,100,902.0400000000001,-1.005,0,1384.648552812494,154.17982516691907,77.0899125834596,15.071130840796853,True
500,100,902.0400000000001,-1.005,1.005,1619.3700756925045,171.22812746796254,85.61406373398133,15.071130840796853,True
500,100,902.0400000000001,0.0,-1.005,1645.4341524244774,173.07166640275017,86.53583320137514,13.967817012186117,True
500,100,902.0400000000001,0.0,0,1951.4187155348145,194.0798198386393,97.03990991931971,13.967817012186117,True
500,100,902.0400000000001,0.0,1.005,2348.9915190589845,219.90424677202122,109.95212338601061,13.967817012186117,True
500,100,902.0400000000001,1.005,-1.005,2408.086294747479,223.62267138307553,111.81133569153776,12.834636628091566,True
500,100,902.0400000000001,1.005,0,2957.1296467469756,256.937971688206,128.46898584410306,12.834636628091566,True
500,100,902.0400000000001,1.005,1.005,3709.871546147995,299.6847477540717,149.84237387703595,12.834636628091566,True
500,100,976.7850000000001,-1.005,-1.005,1689.4852665865628,176.16682870369544,88.08341435184772,12.801774246724726,True
500,100,976.7850000000001,-1.005,0,2008.1389890193514,197.85749793601428,98.9287489680072,12.801774246724726,True
500,100,976.7850000000001,-1.005,1.005,2423.5872726587986,224.5933609205968,112.2966804602984,12.801774246724726,True
500,100,976.7850000000001,0.0,-1.005,2400.698215014163,223.15934336469942,111.57967168234971,11.845408704157173,True
500,100,976.7850000000001,0.0,0,2947.157189264469,256.35077992264615,128.17538996132313,11.845408704157173,True
500,100,976.7850000000001,0.0,1.005,3695.9999029751316,298.9224162909465,149.4612081454733,11.845408704157173,True
500,100,976.7850000000001,1.005,-1.005,3672.057667859044,297.60460123642616,148.80230061821308,10.867834550579863,True
500,100,976.7850000000001,1.005,0,4722.525104923163,353.24882072837545,176.62441036418778,10.867834550579863,True
500,100,976.7850000000001,1.005,1.005,6271.684054341031,428.9662057191379,214.48310285956902,10.867834550579863,True
500,100,1051.53,-1.005,-1.005,2275.541326010667,215.24200900293138,107.62100450146569,11.118878457562584,True
500,100,1051.53,-1.005,0,2778.8756215334615,246.34812199770317,123.17406099885159,11.118878457562584,True
500,100,1051.53,-1.005,1.005,3463.013659358954,285.98518118894543,142.99259059447277,11.118878457562584,True
500,100,1051.53,0.0,-1.005,3336.4423700775887,278.8464113447736,139.42320567238687,10.276869792938506,True
500,100,1051.53,0.0,0,4242.745194690223,328.3539523300537,164.1769761650269,10.276869792938506,True
500,100,1051.53,0.0,1.005,5555.450875839071,394.746533261617,197.3732666308085,10.276869792938506,True
500,100,1051.53,1.005,-1.005,5329.321856540249,383.6757577790208,191.8378788895105,9.418987406503456,True
500,100,1051.53,1.005,0,7197.591090536382,471.5433987712318,235.7716993856159,9.418987406503456,True
500,100,1051.53,1.005,1.005,9135.160718593033,450.85878637822753,225.42939318911377,9.418987406503456,True
500,100,1126.275,-1.005,-1.005,2954.8843118265304,256.80581624464554,128.40290812232277,9.823180992634075,True
500,100,1126.275,-1.005,0,3706.7476684349285,299.5131470547401,149.75657352737016,9.823180992634075,True
500,100,1126.275,-1.005,1.005,4772.548333169218,355.7996403489981,177.89982017449913,9.823180992634075,True
500,100,1126.275,0.0,-1.005,4464.969185465467,339.9844320315896,169.9922160157948,9.072078581127304,True
500,100,1126.275,0.0,0,5885.418034142756,410.6642387127416,205.3321193563708,9.072078581127304,True
500,100,1126.275,0.0,1.005,8037.389678706313,487.2142997440872,243.6071498720436,9.072078581127304,True
500,100,1126.275,1.005,-1.005,7446.282945003088,482.6994821721249,241.3497410860625,8.308604666118507,True
500,100,1126.275,1.005,0,9224.829323169997,444.56826285758467,222.28413142879245,8.308604666118507,True
500,100,1126.275,1.005,1.005,8537.055426342778,376.7255879467052,188.36279397335272,8.308604666118507,True
500,100,1201.02,-1.005,-1.005,3726.52818772561,300.5989919170015,150.29949595850087,8.795810923927865,True
500,100,1201.02,-1.005,0,4801.107742494352,357.2523713448708,178.62618567243553,8.795810923927865,True
500,100,1201.02,-1.005,1.005,6390.34622443475,434.5211866647313,217.26059333236566,8.795810923927865,True
500,100,1201.02,0.0,-1.005,5797.95481839435,406.47134334818423,203.23567167409217,8.118430682444192,True
500,100,1201.02,0.0,0,7916.748784695348,489.8557410281665,244.9278705140834,8.118430682444192,True
500,100,1201.02,0.0,1.005,9318.151567341993,432.85531266707085,216.42765633353554,8.118430682444192,True
500,100,1201.02,1.005,-1.005,9113.064477915988,452.16105371504733,226.08052685752378,7.431097134053922,True
500,100,1201.02,1.005,0,8803.60064053926,386.20810688779636,193.10405344389818,7.431097134053922,True
500,100,1201.02,1.005,1.005,5758.959710878757,301.0562782185151,150.53058687176764,7.431097134053922,True
500,100,1275.7649999999999,-1.005,-1.005,4588.993417540059,346.39966327386344,173.1998316369318,7.961734834442068,True
500,100,1275.7649999999999,-1.005,0,6070.911960263049,419.4961778289479,209.748088914474,7.961734834442068,True
500,100,1275.7649999999999,-1.005,1.005,8270.151100650997,481.71192616926436,240.85596308463226,7.961734834442068,True
500,100,1275.7649999999999,0.0,-1.005,7346.6435221170705,478.24301543698107,239.12150771849053,7.3452082229064475,True
500,100,1275.7649999999999,0.0,0,9192.557551988602,447.0683001768547,223.53415008842734,7.3452082229064475,True
500,100,1275.7649999999999,0.0,1.005,8630.66800544148,379.8510332626853,189.92551663134265,7.3452082229064475,True
500,100,1275.7649999999999,1.005,-1.005,9202.068263362868,407.0671721057936,203.5335860528969,6.720467550750548,True
500,100,1275.7649999999999,1.005,0,6819.033417074665,328.3717617535413,164.18588087677077,6.720467550750548,True
500,100,1275.7649999999999,1.005,1.005,2962.432303517715,225.55253755738676,112.79362000855576,6.720467550750548,True
500,100,1350.51,-1.005,-1.005,5540.440661394343,394.01586960842496,197.00793480421254,7.271365193329802,True
500,100,1350.51,-1.005,0,7524.842067406134,486.20085847660954,243.10042923830477,7.271365193329802,True
500,100,1350.51,-1.005,1.005,9246.976022361887,442.6157931034531,221.30789655172666,7.271365193329802,True
500,100,1350.51,0.0,-1.005,8740.469097136533,468.13556016444386,234.06778008222193,6.705849973002551,True
500,100,1350.51,0.0,0,9188.975052536936,406.06392919868097,203.03196459934063,6.705849973002551,True
500,100,1350.51,0.0,1.005,6769.68683133414,327.0629903221012,163.5314951610506,6.705849973002551,True
500,100,1350.51,1.005,-1.005,8104.165025695584,363.8730093895871,181.93650469479354,6.133414183146633,True
500,100,1350.51,1.005,0,4562.300465366148,271.73313985848375,135.8874737249692,6.133414183146633,True
500,100,1350.51,1.005,1.005,1202.1517452471817,150.29942106414555,75.16127271546252,6.133414183146633,True
500,100,1425.255,-1.005,-1.005,6578.7741011191065,443.28018519747155,221.64009259873578,6.690665845422931,True
500,100,1425.255,-1.005,0,8764.947519068046,467.29174617231115,233.64587308615558,6.690665845422931,True
500,100,1425.255,-1.005,1.005,9174.664127319038,405.0183056482248,202.5091528241124,6.690665845422931,True
500,100,1425.255,0.0,-1.005,9298.52631132335,436.6057240565946,218.30286202829743,6.1684877080378335,True
500,100,1425.255,0.0,0,8201.946802080512,366.69334377926594,183.3466718896331,6.1684877080378335,True
500,100,1425.255,0.0,1.005,4707.821491280007,275.3697408975688,137.7060539997359,6.1684877080378335,True
500,100,1425.255,1.005,-1.005,6562.054577962859,321.5973411098092,160.7986705549046,5.640378130126705,True
500,100,1425.255,1.005,0,2703.2566144723023,216.65447480387402,108.34390412461667,5.640378130126705,True
500,100,1425.255,1.005,1.005,277.1098362992998,75.21024940182426,37.61091044972404,5.640378130126705,True
500,100,1500.0,-1.005,-1.005,7701.721388674767,494.0456488547624,247.0228244273812,6.1955224040761605,True
500,100,1500.0,-1.005,0,9286.681470959013,438.278299706876,219.1391498534381,6.1955224040761605,True
500,100,1500.0,-1.005,1.005,8276.348490080874,368.8483217862741,184.42416089313718,6.1955224040761605,True
500,100,1500.0,0.0,-1.005,9197.776423598716,406.7329942555977,203.36649712779885,5.710593137499643,True
500,100,1500.0,0.0,0,6802.614144406551,327.9358678294033,163.96793391470177,5.710593137499643,True
500,100,1500.0,0.0,1.005,2945.3307277248095,224.98083239226983,112.50772344605481,5.710593137499643,True
500,100,1500.0,1.005,-1.005,4947.860569832868,281.20846821078,140.62568146450297,5.220506758167803,True
500,100,1500.0,1.005,0,1435.296309754085,163.0258234962392,81.5254529439217,5.220506758167803,True
500,100,1500.0,1.005,1.005,0.0024292726593557745,0.2313734440454876,0.11570452187030739,5.220506758167803,True
500,250,5.1,-1.005,-1.005,0.48894435721850216,5.46682178712565,2.733410893562825,27.813953396745944,True
500,250,5.1,-1.005,0,11.974792854951026,27.014908248984437,13.507454124492218,27.813953396745944,True
500,250,5.1,-1.005,1.005,36.03755573478088,42.02064446982753,21.01032223491377,27.813953396745944,True
500,250,5.1,0.0,-1.005,0.4568276477476971,5.28429147062907,2.642145735314535,26.80073985858974,True
500,250,5.1,0.0,0,11.824262881843428,26.844885358968124,13.422442679484062,26.80073985858974,True
500,250,5.1,0.0,1.005,35.82300722912223,42.032066412599995,21.016033206299998,26.80073985858974,True
500,250,5.1,1.005,-1.005,0.42550860378074506,5.0999999999999055,2.5499999999999527,25.78745201166003,True
500,250,5.1,1.005,0,11.6732538308923,26.67322641289443,13.336613206447215,25.78745201166003,True
500,250,5.1,1.005,1.005,35.606146656780226,42.04359886254526,21.02179943127263,25.78745201166003,True
500,250,79.845,-1.005,-1.005,80.06561810337398,39.346504333199924,19.673252166599962,31.898525965840907,True
500,250,79.845,-1.005,0,95.50027660190551,38.18704219199695,19.09352109599848,31.898525965840907,True
500,250,79.845,-1.005,1.005,108.03791004046346,37.105047136550965,18.55252356827549,31.898525965840907,True
500,250,79.845,0.0,-1.005,77.64861248641208,39.51472725310039,19.757363626550195,30.753428589926667,True
500,250,79.845,0.0,0,93.53588535213426,38.34385316086693,19.17192658043347,30.753428589926667,True
500,250,79.845,0.0,1.005,106.44316097048923,37.251502362838444,18.62575118141923,30.753428589926667,True
500,250,79.845,1.005,-1.005,75.12683822560092,39.686930985525805,19.843465492762903,29.60644600945584,True
500,250,79.845,1.005,0,91.48618656178684,38.50432955074447,19.252164775372236,29.60644600945584,True
500,250,79.845,1.005,1.005,104.77879117328304,37.40134171716718,18.700670858583592,29.60644600945584,True
500,250,154.59,-1.005,-1.005,134.58510444042395,34.028280469761924,17.014140234880976,37.19334907599555,True
500,250,154.59,-1.005,0,139.56697862337353,33.20721327362372,16.603606636811875,37.19334907599555,True
500,250,154.59,-1.005,1.005,143.50999181391114,32.43457936639237,16.217289683196185,37.19334907599555,True
500,250,154.59,0.0,-1.005,132.91185337739327,34.27665919850089,17.138329599250454,35.89617495246771,True
500,250,154.59,0.0,0,138.23458902103536,33.44074310660068,16.720371553300353,35.89617495246771,True
500,250,154.59,0.0,1.005,142.45963641970775,32.65443529138906,16.32721764569453,35.89617495246771,True
500,250,154.59,1.005,-1.005,131.08915289297252,34.53479206644982,17.267396033224916,34.593053143910375,True
500,250,154.59,1.005,0,136.77968448161423,33.68334617170969,16.84167308585486,34.593053143910375,True
500,250,154.59,1.005,1.005,141.30893650275326,32.882747794053486,16.441373897026743,34.593053143910375,True
500,250,229.335,-1.005,-1.005,152.89110786912067,29.203424696897333,14.60171234844868,44.18452013201055,True
500,250,229.335,-1.005,0,153.4589411450243,28.653084524821924,14.326542262410962,44.18452013201055,True
500,250,229.335,-1.005,1.005,153.7508337282689,28.131598046807056,14.065799023403528,44.18452013201055,True
500,250,229.335,0.0,-1.005,152.52989106341187,29.46110091125393,14.730550455626979,42.72714479305383,True
500,250,229.335,0.0,0,153.24083451457483,28.89711764485245,14.448558822426225,42.72714479305383,True
500,250,229.335,0.0,1.005,153.65017701615346,28.362884112584485,14.181442056292257,42.72714479305383,True
500,250,229.335,1.005,-1.005,152.0796170523252,29.733661855661072,14.866830927830536,41.255519345488864,True
500,250,229.335,1.005,0,152.95191708738952,29.15515275418832,14.577576377094175,41.255519345488864,True
500,250,229.335,1.005,1.005,153.4939426890469,28.60735885471704,14.30367942735852,41.255519345488864,True
500,250,304.08000000000004,-1.005,-1.005,151.2772874260114,25.057131337776887,12.528565668888444,53.49899472379394,True
500,250,304.08000000000004,-1.005,0,150.64007384463446,24.715968301426045,12.357984150713023,53.49899472379394,True
500,250,304.08000000000004,-1.005,1.005,149.98391831699053,24.391374151175587,12.195687075587818,53.49899472379394,True
500,250,304.08000000000004,0.0,-1.005,151.6309225383868,25.26158637524694,12.63079318762347,51.914910826970264,True
500,250,304.08000000000004,0.0,0,151.01032927230312,24.91046770332542,12.45523385166271,51.914910826970264,True
500,250,304.08000000000004,0.0,1.005,150.36363385758182,24.576433452809848,12.28821672640495,51.914910826970264,True
500,250,304.08000000000004,1.005,-1.005,151.98787998843056,25.48271657165928,12.74135828582964,50.30185890626816,True
500,250,304.08000000000004,1.005,0,151.38977431223122,25.120803343707486,12.560401671853743,50.30185890626816,True
500,250,304.08000000000004,1.005,1.005,150.75731014251778,24.776542249774238,12.388271124887119,50.30185890626816,True
500,250,378.82500000000005,-1.005,-1.005,144.10729528336742,21.868968825735227,10.934484412867613,65.71996599719243,True
500,250,378.82500000000005,-1.005,0,143.72127471546128,21.684412524173258,10.842206262086652,65.71996599719243,True
500,250,378.82500000000005,-1.005,1.005,143.38256512486282,21.509507470449677,10.754753735224838,65.71996599719243,True
500,250,378.82500000000005,0.0,-1.005,144.3483243686003,21.978930458006506,10.989465229003253,64.14053188068223,True
500,250,378.82500000000005,0.0,0,143.9362615102723,21.788696119217317,10.894348059608681,64.14053188068223,True
500,250,378.82500000000005,0.0,1.005,143.57024756979035,21.608317634088152,10.804158817044097,64.14053188068223,True
500,250,378.82500000000005,1.005,-1.005,144.62528552546337,22.10172963021552,11.05086481510776,62.51373152302067,True
500,250,378.82500000000005,1.005,0,144.18592349045662,21.905209341183088,10.952604670591567,62.51373152302067,True
500,250,378.82500000000005,1.005,1.005,143.79114884748242,21.71877620120184,10.85938810060092,62.51373152302067,True
500,250,453.57000000000005,-1.005,-1.005,144.04109418710573,19.98920827733786,9.994604138668945,80.7864423087409,True
500,250,453.57000000000005,-1.005,0,144.5318798018825,19.922932463063496,9.961466231531764,80.7864423087409,True
500,250,453.57000000000005,-1.005,1.005,145.09306041189575,19.863185660493027,9.931592830246514,80.7864423087409,True
500,250,453.57000000000005,0.0,-1.005,143.9068833321262,20.01045407158187,10.005227035790952,79.47889919763078,True
500,250,453.57000000000005,0.0,0,144.37680604665184,19.942192465022448,9.971096232511224,79.47889919763078,True
500,250,453.57000000000005,0.0,1.005,144.9166152407863,19.880490699945437,9.940245349972718,79.47889919763078,True
500,250,453.57000000000005,1.005,-1.005,143.7578427501212,20.036054343948393,10.018027171974216,78.12025992166183,True
500,250,453.57000000000005,1.005,0,144.20356617810717,19.96545893033998,9.982729465170008,78.12025992166183,True
500,250,453.57000000000005,1.005,1.005,144.71859221168802,19.90146069603286,9.950730348016446,78.12025992166183,True
500,250,528.315,-1.005,-1.005,162.2322794356487,21.150721265268732,10.575360632634395,82.78006589695875,True
500,250,528.315,-1.005,0,164.18462284434645,21.472819302190988,10.736409651095494,82.78006589695875,True
500,250,528.315,-1.005,1.005,166.25763040567836,21.804657044622466,10.902328522311233,82.78006589695875,True
500,250,528.315,0.0,-1.005,162.70091411836893,21.228960280134608,10.614480140067304,83.53821634161459,True
500,250,528.315,0.0,0,164.6824192191907,21.553403899001008,10.776701949500533,83.53821634161459,True
500,250,528.315,0.0,1.005,166.78586963085127,21.887712301855338,10.943856150927669,83.53821634161459,True
500,250,528.315,1.005,-1.005,163.1389104833852,21.301542680145594,10.650771340072826,84.3157906217282,True
500,250,528.315,1.005,0,165.147553499507,21.62817399786359,10.814086998931824,84.3157906217282,True
500,250,528.315,1.005,1.005,167.27934242206084,21.96478667960007,10.982393339800035,84.3157906217282,True
500,250,603.0600000000001,-1.005,-1.005,208.5005237358214,27.428227165533894,13.714113582766982,67.43353764922463,True
500,250,603.0600000000001,-1.005,0,213.1347875665224,27.972336609944524,13.9861683049723,67.43353764922463,True
500,250,603.0600000000001,-1.005,1.005,218.0373577714363,28.53839280394304,14.269196401971557,67.43353764922463,True
500,250,603.0600000000001,0.0,-1.005,212.36514736177833,27.882603817490917,13.941301908745459,67.59658438267942,True
500,250,603.0600000000001,0.0,0,217.2230498279041,28.445014547209535,14.222507273604768,67.59658438267942,True
500,250,603.0600000000001,0.0,1.005,222.363665732963,29.03044147095665,14.515220735478325,67.59658438267942,True
500,250,603.0600000000001,1.005,-1.005,216.5417589478675,28.366697108528147,14.18334855426411,67.73415650208618,True
500,250,603.0600000000001,1.005,0,221.64261252381039,28.94889513757775,14.474447568788914,67.73415650208618,True
500,250,603.0600000000001,1.005,1.005,227.04211714040594,29.555278189171425,14.777639094585712,67.73415650208618,True
500,250,677.8050000000001,-1.005,-1.005,291.48261703675416,36.22673280016533,18.113366400082707,54.836698687488074,True
500,250,677.8050000000001,-1.005,0,301.2341551938598,37.16856717867136,18.584283589335726,54.836698687488074,True
500,250,677.8050000000001,-1.005,1.005,311.635140385883,38.158028012648494,19.079014006324247,54.836698687488074,True
500,250,677.8050000000001,0.0,-1.005,303.8391640134055,37.417803622564726,18.708901811282363,54.578801374997454,True
500,250,677.8050000000001,0.0,0,314.41539215554894,38.42002193803192,19.21001096901596,54.578801374997454,True
500,250,677.8050000000001,0.0,1.005,325.71064762942206,39.474184911031294,19.737092455515693,54.578801374997454,True
500,250,677.8050000000001,1.005,-1.005,317.7921707440655,38.73686702287867,19.36843351143938,54.27131407882928,True
500,250,677.8050000000001,1.005,0,329.31953828666883,39.807665392270714,19.903832696135357,54.27131407882928,True
500,250,677.8050000000001,1.005,1.005,341.6484718515321,40.935435353983046,20.467717676991565,54.27131407882928,True
500,250,752.5500000000001,-1.005,-1.005,418.76503835300446,47.64776745282449,23.82388372641229,45.19102934265565,True
500,250,752.5500000000001,-1.005,0,437.78028009026275,49.22681275550933,24.61340637775471,45.19102934265565,True
500,250,752.5500000000001,-1.005,1.005,458.31879165307964,50.90376991600904,25.45188495800457,45.19102934265565,True
500,250,752.5500000000001,0.0,-1.005,447.4260592340952,50.01794812085662,25.00897406042831,44.70927672097026,True
500,250,752.5500000000001,0.0,0,468.75030724007956,51.744819919522165,25.87240995976113,44.70927672097026,True
500,250,752.5500000000001,0.0,1.005,491.842158134109,53.58261354579442,26.79130677289726,44.70927672097026,True
500,250,752.5500000000001,1.005,-1.005,480.8012433011136,52.70792992835281,26.353964964176456,44.174711845691,True
500,250,752.5500000000001,1.005,0,504.91032406531485,54.6087495248157,27.30437476240785,44.174711845691,True
500,250,752.5500000000001,1.005,1.005,531.0933268254066,56.63637380897024,28.31818690448512,44.174711845691,True
500,250,827.2950000000001,-1.005,-1.005,597.0005518703747,61.5892455621564,30.79462278107825,37.95004767229352,True
500,250,827.2950000000001,-1.005,0,631.5615656489817,64.10941361599343,32.05470680799677,37.95004767229352,True
500,250,827.2950000000001,-1.005,1.005,669.4443824886766,66.81752349398711,33.408761746993555,37.95004767229352,True
500,250,827.2950000000001,0.0,-1.005,652.8459384947155,65.63764706012384,32.81882353006192,37.3739265662046,True
500,250,827.2950000000001,0.0,0,692.8205396973135,68.46228029559937,34.231140147799735,37.3739265662046,True
500,250,827.2950000000001,0.0,1.005,736.8160569003276,71.50729378552556,35.75364689276283,37.3739265662046,True
500,250,827.2950000000001,1.005,-1.005,719.5985564037273,70.32322868997187,35.16161434498599,36.750669567042905,True
500,250,827.2950000000001,1.005,0,766.3533391797564,73.51694676692962,36.75847338346481,36.750669567042905,True
500,250,827.2950000000001,1.005,1.005,818.0485687315131,76.9722778258273,38.48613891291365,36.750669567042905,True
500,250,902.0400000000001,-1.005,-1.005,832.0109486944493,77.89277528888378,38.94638764444194,32.476046481990046,True
500,250,902.0400000000001,-1.005,0,890.8985595184722,81.71949045820655,40.859745229103275,32.476046481990046,True
500,250,902.0400000000001,-1.005,1.005,956.4799267321387,85.88301888658816,42.94150944329414,32.476046481990046,True
500,250,902.0400000000001,0.0,-1.005,929.2847786029915,84.1684226570377,42.08421132851885,31.874533664159923,True
500,250,902.0400000000001,0.0,0,999.348859530176,88.55329110247673,44.27664555123842,31.874533664159923,True
500,250,902.0400000000001,0.0,1.005,1077.829631859393,93.34559288278395,46.67279644139202,31.874533664159923,True
500,250,902.0400000000001,1.005,-1.005,1048.3658712343877,91.56042247384718,45.78021123692359,31.233362711505034,True
500,250,902.0400000000001,1.005,0,1132.909822265654,96.6402742361176,48.3201371180588,31.233362711505034,True
500,250,902.0400000000001,1.005,1.005,1228.2373705489435,102.22065278051092,51.11032639025546,31.233362711505034,True
500,250,976.7850000000001,-1.005,-1.005,1128.8777451480855,96.40090923956575,48.200454619782924,28.263682423125086,True
500,250,976.7850000000001,-1.005,0,1223.6818408161262,101.95729021506708,50.97864510753354,28.263682423125086,True
500,250,976.7850000000001,-1.005,1.005,1331.0295141414017,108.0811079356998,54.04055396784995,28.263682423125086,True
500,250,976.7850000000001,0.0,-1.005,1285.439125436681,105.50085725849591,52.750428629248006,27.670060942603687,True
500,250,976.7850000000001,0.0,0,1401.216761537864,111.99776580138047,55.99888290069028,27.670060942603687,True
500,250,976.7850000000001,0.0,1.005,1533.326726834809,119.20098051232199,59.600490256160995,27.670060942603687,True
500,250,976.7850000000001,1.005,-1.005,1481.4715316414622,116.39867610941226,58.19933805470613,27.04356158589767,True
500,250,976.7850000000001,1.005,0,1625.2931426521172,124.09644428404553,62.048222142022766,27.04356158589767,True
500,250,976.7850000000001,1.005,1.005,1790.8684384846674,132.68993538180936,66.34496769090472,27.04356158589767,True
500,250,1051.53,-1.005,-1.005,1492.0223878325178,116.97140665304008,58.48570332652004,24.954962356168142,True
500,250,1051.53,-1.005,0,1637.406831277911,124.73448089016786,62.367240445083986,24.954962356168142,True
500,250,1051.53,-1.005,1.005,1804.8579983084765,133.40394490423503,66.70197245211757,24.954962356168142,True
500,250,1051.53,0.0,-1.005,1729.5570469750346,129.53911593093002,64.76955796546501,24.384050073929934,True
500,250,1051.53,0.0,0,1911.493859191134,138.78908197300362,69.39454098650181,24.384050073929934,True
500,250,1051.53,0.0,1.005,2123.1163683006707,149.19784536310772,74.5989226815539,24.384050073929934,True
500,250,1051.53,1.005,-1.005,2033.5057441056688,144.83314095037557,72.41657047518778,23.785803377137093,True
500,250,1051.53,1.005,0,2265.8124980020257,156.02786819352656,78.01393409676328,23.785803377137093,True
500,250,1051.53,1.005,1.005,2539.1413268996785,168.73716494064104,84.36858247032063,23.785803377137093,True
500,250,1126.275,-1.005,-1.005,1925.2772960676011,139.4779767100252,69.7389883550126,22.30368145322357,True
500,250,1126.275,-1.005,0,2139.2058265371124,149.97518401067202,74.98759200533607,22.30368145322357,True
500,250,1126.275,-1.005,1.005,2389.916350841626,161.85619147984568,80.92809573992295,22.30368145322357,True
500,250,1126.275,0.0,-1.005,2269.4757137070956,156.20135134858484,78.10067567429242,21.761175631753066,True
500,250,1126.275,0.0,0,2543.4681152189005,168.93471220523477,84.46735610261739,21.761175631753066,True
500,250,1126.275,0.0,1.005,2868.5043605375413,183.4828943427928,91.7414471713964,21.761175631753066,True
500,250,1126.275,1.005,-1.005,2719.3169202009867,176.87486440874034,88.43743220437017,21.195724880056922,True
500,250,1126.275,1.005,0,3078.5329685593897,192.6025267530566,96.3012633765284,21.195724880056922,True
500,250,1126.275,1.005,1.005,3510.836359706378,210.77238299177944,105.38619149588983,21.195724880056922,True
500,250,1201.02,-1.005,-1.005,2431.9488867811906,163.80798119945644,81.90399059972833,20.14021935645293,True
500,250,1201.02,-1.005,0,2735.877512263738,177.6140173712362,88.8070086856181,20.14021935645293,True
500,250,1201.02,-1.005,1.005,3098.3677980355988,193.4533203817649,96.72666019088257,20.14021935645293,True
500,250,1201.02,0.0,-1.005,2912.6559377400736,185.4172568840285,92.70862844201424,19.62741398393898,True
500,250,1201.02,0.0,0,3310.6770577217176,202.45409542191888,101.22704771095944,19.62741398393898,True
500,250,1201.02,0.0,1.005,3792.4395357183766,222.22398717146172,111.11199358573096,19.62741398393898,True
500,250,1201.02,1.005,-1.005,3554.0492743273717,212.5481713785858,106.2740856892929,19.095120361247808,True
500,250,1201.02,1.005,0,4089.4541442546597,234.01253940653615,117.00626970326807,19.095120361247808,True
500,250,1201.02,1.005,1.005,4749.005686777631,259.2614914402242,129.6307457201121,19.095120361247808,True
500,250,1275.7649999999999,-1.005,-1.005,3014.8735696852273,189.86000374650342,94.93000187325183,18.346060495612242,True
500,250,1275.7649999999999,-1.005,0,3433.9142021624957,207.59399647578093,103.79699823789058,18.346060495612242,True
500,250,1275.7649999999999,-1.005,1.005,3942.614862051836,228.21980689549792,114.10990344774896,18.346060495612242,True
500,250,1275.7649999999999,0.0,-1.005,3666.2139661560486,217.125674037061,108.5628370185306,17.862186843819668,True
500,250,1275.7649999999999,0.0,0,4226.940138469381,239.37659235560685,119.68829617780342,17.862186843819668,True
500,250,1275.7649999999999,0.0,1.005,4919.676599566397,265.60920288819585,132.80460144409804,17.862186843819668,True
500,250,1275.7649999999999,1.005,-1.005,4553.181880250135,251.88836792232857,125.9441839611644,17.361561835763677,True
500,250,1275.7649999999999,1.005,0,5320.5664366173405,273.6421622416996,136.8210811208498,17.361561835763677,True
500,250,1275.7649999999999,1.005,1.005,5416.320695902999,229.65214016524237,114.82607008262129,17.361561835763677,True
500,250,1350.51,-1.005,-1.005,3676.4675669635744,217.54188626507357,108.7709431325369,16.836852364579606,True
500,250,1350.51,-1.005,0,4239.527010339778,239.86487909505172,119.93243954752597,16.836852364579606,True
500,250,1350.51,-1.005,1.005,4935.327435420992,266.1877744137127,133.09388720685635,16.836852364579606,True
500,250,1350.51,0.0,-1.005,4536.950792703556,251.27276725299956,125.63638362649978,16.380239467922312,True
500,250,1350.51,0.0,0,5302.943732833086,274.6261793401453,137.31308967007266,16.380239467922312,True
500,250,1350.51,0.0,1.005,5429.639152702906,230.74044837073814,115.37022418536918,16.380239467922312,True
500,250,1350.51,1.005,-1.005,5525.041559193862,254.60121031637757,127.30060515818879,15.909063761664292,True
500,250,1350.51,1.005,0,5009.988637491595,208.59023038832893,104.29511519416458,15.909063761664292,True
500,250,1350.51,1.005,1.005,3123.1519954103132,154.9092324595422,77.4546162297712,15.909063761664292,True
500,250,1425.255,-1.005,-1.005,4418.771297845986,246.76923725542017,123.38461862771008,15.551380434031524,True
500,250,1425.255,-1.005,0,5158.66914889339,274.38195417473855,137.19097708736942,15.551380434031524,True
500,250,1425.255,-1.005,1.005,5503.950746966855,238.75564373360183,119.37782186680091,15.551380434031524,True
500,250,1425.255,0.0,-1.005,5457.311545576587,263.89679976461423,131.94839988230711,15.1200299982601,True
500,250,1425.255,0.0,0,5243.357983515683,218.87261064652137,109.43630532326068,15.1200299982601,True
500,250,1425.255,0.0,1.005,3589.6451367202535,167.43397645860253,83.71698822930138,15.1200299982601,True
500,250,1425.255,1.005,-1.005,4684.489637764344,197.48491753249834,98.74245876624917,14.675887044024687,True
500,250,1425.255,1.005,0,2609.97527734287,141.34631677554074,70.67660755152795,14.675887044024687,True
500,250,1425.255,1.005,1.005,732.7386059671335,77.14995890297118,38.58091441761665,14.675887044024687,True
500,250,1500.0,-1.005,-1.005,5243.488971180426,277.4643033565112,138.73215167825572,14.444375659757213,True
500,250,1500.0,-1.005,0,5466.204892302789,234.13129637403924,117.06564818701962,14.444375659757213,True
500,250,1500.0,-1.005,1.005,4267.532418474373,185.96245138614768,92.98122569307394,14.444375659757213,True
500,250,1500.0,0.0,-1.005,5166.440511604751,215.14712227780953,107.57356113890476,14.036243467926479,True
500,250,1500.0,0.0,0,3421.556722438734,162.89917800009948,81.44958900004974,14.036243467926479,True
500,250,1500.0,0.0,1.005,1294.004888048643,101.37973468442965,50.697666248400495,14.036243467926479,True
500,250,1500.0,1.005,-1.005,2485.0513372902133,138.07800033655514,69.04912356812993,13.616767636309392,True
500,250,1500.0,1.005,0,662.216275293169,73.46762228227351,36.739462833713645,13.616767636309392,True
500,250,1500.0,1.005,1.005,0.00642352467548335,0.23645263455069798,0.11824450796429661,13.616767636309392,True
500,450,5.1,-1.005,-1.005,0.47407919304368146,5.3006163648105,2.65030818240525,43.29007423675849,True
500,450,5.1,-1.005,0,8.731225937581439,22.7325832484913,11.36629162424565,43.29007423675849,True
500,450,5.1,-1.005,1.005,25.927836904560266,34.4083924198521,17.20419620992605,43.29007423675849,True
500,450,5.1,0.0,-1.005,0.45644662763471866,5.201128450254763,2.6005642251273815,42.27945090829709,True
500,450,5.1,0.0,0,8.657836342710013,22.636926149684683,11.318463074842342,42.27945090829709,True
500,450,5.1,0.0,1.005,25.822323869509503,34.41197782270477,17.205988911352385,42.27945090829709,True
500,450,5.1,1.005,-1.005,0.43886589896561723,5.0999999999999055,2.5499999999999527,41.26873614083808,True
500,450,5.1,1.005,0,8.583555137268053,22.5396924450293,11.26984622251465,41.26873614083808,True
500,450,5.1,1.005,1.005,25.71502617772547,34.41562263184048,17.207811315920242,41.26873614083808,True
500,450,79.845,-1.005,-1.005,70.47017572914508,32.77277568802751,16.386387844013754,48.057351624541,True
500,450,79.845,-1.005,0,83.67350316458142,32.232683881392184,16.116341940696092,48.057351624541,True
500,450,79.845,-1.005,1.005,95.56409684624774,31.7197055469886,15.8598527734943,48.057351624541,True
500,450,79.845,0.0,-1.005,69.24624913844039,32.82139394737484,16.41069697368742,46.964388500026466,True
500,450,79.845,0.0,0,82.57275196752221,32.27884901891531,16.139424509457662,46.964388500026466,True
500,450,79.845,0.0,1.005,94.57161466084298,31.763562758064463,15.881781379032232,46.964388500026466,True
500,450,79.845,1.005,-1.005,67.98300244650301,32.87132883492535,16.435664417462675,45.869458596426256,True
500,450,79.845,1.005,0,81.43688939438172,32.326262158643665,16.163131079321836,45.869458596426256,True
500,450,79.845,1.005,1.005,93.54770669542958,31.8086037462192,15.9043018731096,45.869458596426256,True
500,450,154.59,-1.005,-1.005,129.5502098145562,30.08473948030048,15.042369740150255,53.66017337051574,True
500,450,154.59,-1.005,0,137.17046175849418,29.67747722596109,14.838738612980546,53.66017337051574,True
500,450,154.59,-1.005,1.005,144.14118930293247,29.289985150764057,14.644992575382028,53.66017337051574,True
500,450,154.59,0.0,-1.005,128.23757127091721,30.153237883859983,15.076618941929992,52.490956985950575,True
500,450,154.59,0.0,0,135.9718688568222,29.742644724638872,14.87132236231945,52.490956985950575,True
500,450,154.59,0.0,1.005,143.043271042597,29.3519925619767,14.675996280988365,52.490956985950575,True
500,450,154.59,1.005,-1.005,126.86339879653866,30.224440983890442,15.112220491945228,51.31666563781948,True
500,450,154.59,1.005,0,134.71772629528246,29.810383373656954,14.905191686828477,51.31666563781948,True
500,450,154.59,1.005,1.005,141.8950840721377,29.41644520615786,14.708222603078944,51.31666563781948,True
500,450,229.335,-1.005,-1.005,169.35713634960308,27.763505421202407,13.881752710601216,60.20047747748799,True
500,450,229.335,-1.005,0,173.90418607645972,27.468894545883344,13.734447272941672,60.20047747748799,True
500,450,229.335,-1.005,1.005,178.1674392432298,27.18874766059537,13.594373830297686,60.20047747748799,True
500,450,229.335,0.0,-1.005,168.31314996332236,27.830431644801873,13.91521582240095,58.97402638657893,True
500,450,229.335,0.0,0,172.9279527707725,27.532547308740543,13.766273654370272,58.97402638657893,True
500,450,229.335,0.0,1.005,177.2505257187646,27.249267094825996,13.624633547412998,58.97402638657893,True
500,450,229.335,1.005,-1.005,167.2068357629658,27.90103910928466,13.95051955464233,57.738008658451605,True
500,450,229.335,1.005,0,171.8944358236729,27.599705463164664,13.799852731582332,57.738008658451605,True
500,450,229.335,1.005,1.005,176.28078909221546,27.31312459152725,13.656562295763624,57.738008658451605,True
500,450,304.08000000000004,-1.005,-1.005,197.9169803777247,25.885266927568793,12.942633463784396,67.71888433040283,True
500,450,304.08000000000004,-1.005,0,201.07035482416484,25.68588399443262,12.84294199721631,67.71888433040283,True
500,450,304.08000000000004,-1.005,1.005,204.13777084941523,25.49733373602678,12.748666868013414,67.71888433040283,True
500,450,304.08000000000004,0.0,-1.005,197.1455488872989,25.934756288493617,12.967378144246808,66.47276130124084,True
500,450,304.08000000000004,0.0,0,200.32231395102758,25.732719099654854,12.866359549827452,66.47276130124084,True
500,450,304.08000000000004,0.0,1.005,203.4087048560947,25.541602872716464,12.770801436358232,66.47276130124084,True
500,450,304.08000000000004,1.005,-1.005,196.31931524388517,25.98803015122989,12.994015075614971,65.21167152142965,True
500,450,304.08000000000004,1.005,0,199.52214685879903,25.7831496772859,12.891574838642976,65.21167152142965,True
500,450,304.08000000000004,1.005,1.005,202.62981383096815,25.589285649121894,12.794642824560947,65.21167152142965,True
500,450,378.82500000000005,-1.005,-1.005,222.71413733669192,24.528883575948132,12.264441787974066,76.13669140240283,True
500,450,378.82500000000005,-1.005,0,225.61195723589162,24.410890144245077,12.205445072122538,76.13669140240283,True
500,450,378.82500000000005,-1.005,1.005,228.5379737108192,24.301467342865635,12.15073367143284,76.13669140240283,True
500,450,378.82500000000005,0.0,-1.005,222.13216465293203,24.553736679231747,12.276868339615874,74.92900051490503,True
500,450,378.82500000000005,0.0,0,225.0255884944288,24.433991243291317,12.216995621645658,74.92900051490503,True
500,450,378.82500000000005,0.0,1.005,227.9450730372023,24.322855037967766,12.161427518983883,74.92900051490503,True
500,450,378.82500000000005,1.005,-1.005,221.49437333699348,24.581416071474543,12.290708035737271,73.70162210252128,True
500,450,378.82500000000005,1.005,0,224.38348326807886,24.459739027932212,12.229869513966129,73.70162210252128,True
500,450,378.82500000000005,1.005,1.005,227.2962887299916,24.34671433972875,12.173357169864374,73.70162210252128,True
500,450,453.57000000000005,-1.005,-1.005,250.7273178918731,23.760852308284633,11.880426154142338,85.20718521471147,True
500,450,453.57000000000005,-1.005,0,254.23126984390206,23.71488053692247,11.857440268461234,85.20718521471147,True
500,450,453.57000000000005,-1.005,1.005,257.84895417044186,23.676356591790608,11.838178295895325,85.20718521471147,True
500,450,453.57000000000005,0.0,-1.005,250.40852453630146,23.76548491553945,11.882742457769746,84.1091936083299,True
500,450,453.57000000000005,0.0,0,253.90241922594987,23.718820559936905,11.859410279968452,84.1091936083299,True
500,450,453.57000000000005,0.0,1.005,257.5091911267466,23.679610169887958,11.839805084943979,84.1091936083299,True
500,450,453.57000000000005,1.005,-1.005,250.0182521811921,23.771262023521537,11.885631011760768,82.98999765541555,True
500,450,453.57000000000005,1.005,0,253.4999038884364,23.723746303091474,11.861873151545758,82.98999765541555,True
500,450,453.57000000000005,1.005,1.005,257.0933839446393,23.683692226919195,11.841846113459598,82.98999765541555,True
500,450,528.315,-1.005,-1.005,288.4628760282844,24.680301862267207,12.340150931133604,85.47712891862204,True
500,450,528.315,-1.005,0,293.40121847506816,25.133412786018308,12.566706393009193,85.47712891862204,True
500,450,528.315,-1.005,1.005,298.55097768492533,25.6011043409447,12.80055217047239,85.47712891862204,True
500,450,528.315,0.0,-1.005,288.86088778102385,24.716987004571763,12.358493502285882,86.39956883903673,True
500,450,528.315,0.0,0,293.8161254585875,25.171276647542495,12.585638323771247,86.39956883903673,True
500,450,528.315,0.0,1.005,298.98381897525405,25.640189247632733,12.820094623816406,86.39956883903673,True
500,450,528.315,1.005,-1.005,289.175058080335,24.74592395833859,12.372961979169332,87.33959692917075,True
500,450,528.315,1.005,0,294.14365034886714,25.201143542310373,12.600571771155225,87.33959692917075,True
500,450,528.315,1.005,1.005,299.32551921568756,25.67101963997891,12.835509819989493,87.33959692917075,True
500,450,603.0600000000001,-1.005,-1.005,341.98573295960796,29.358556379612786,14.679278189806434,76.39310800961115,True
500,450,603.0600000000001,-1.005,0,349.37616231016636,29.967744173566025,14.983872086783052,76.39310800961115,True
500,450,603.0600000000001,-1.005,1.005,357.12790803383814,30.598451242697518,15.299225621348759,76.39310800961115,True
500,450,603.0600000000001,0.0,-1.005,344.1381930332145,29.53679979071423,14.768399895357154,77.10045468337913,True
500,450,603.0600000000001,0.0,0,351.6333683166017,30.152251618107854,15.076125809053968,77.10045468337913,True
500,450,603.0600000000001,0.0,1.005,359.4963971463726,30.78953830723473,15.394769153617364,77.10045468337913,True
500,450,603.0600000000001,1.005,-1.005,346.2519135842749,29.711176547897676,14.855588273948838,77.81716114135592,True
500,450,603.0600000000001,1.005,0,353.85034161459043,30.332782339950818,15.166391169975409,77.81716114135592,True
500,450,603.0600000000001,1.005,1.005,361.82308465996675,30.976534938431982,15.488267469215991,77.81716114135592,True
500,450,677.8050000000001,-1.005,-1.005,416.9480901968709,35.22378884284606,17.61189442142303,67.95194336302426,True
500,450,677.8050000000001,-1.005,0,428.202134364793,36.053408297925394,18.02670414896274,67.95194336302426,True
500,450,677.8050000000001,-1.005,1.005,440.07144920389464,36.916584820668874,18.458292410334437,67.95194336302426,True
500,450,677.8050000000001,0.0,-1.005,422.66339155121386,35.64651055814285,17.823255279071425,68.43992266291566,True
500,450,677.8050000000001,0.0,0,434.2288182842831,36.49315618286561,18.246578091432806,68.43992266291566,True
500,450,677.8050000000001,0.0,1.005,446.4311442964663,37.37435408468641,18.687177042343247,68.43992266291566,True
500,450,677.8050000000001,1.005,-1.005,428.5441111831542,36.07844392656209,18.039221963281086,68.92722275769516,True
500,450,677.8050000000001,1.005,0,440.43225696616673,36.94264209899056,18.47132104949528,68.92722275769516,True
500,450,677.8050000000001,1.005,1.005,452.9798950330687,37.84242689961265,18.921213449806366,68.92722275769516,True
500,450,752.5500000000001,-1.005,-1.005,518.616107822425,42.36972187541875,21.18486093770942,60.40551981374204,True
500,450,752.5500000000001,-1.005,0,535.7265704603642,43.5068402929731,21.753420146486597,60.40551981374204,True
500,450,752.5500000000001,-1.005,1.005,553.8853957770825,44.69661639417415,22.348308197087075,60.40551981374204,True
500,450,752.5500000000001,0.0,-1.005,530.6442031366005,43.1707498964986,21.585374948249342,60.69789132029711,True
500,450,752.5500000000001,0.0,0,548.489831644255,44.34485950050301,22.172429750251506,60.69789132029711,True
500,450,752.5500000000001,0.0,1.005,567.4418094774119,45.57407166543178,22.78703583271589,60.69789132029711,True
500,450,752.5500000000001,1.005,-1.005,543.3602762707851,44.009074907921836,22.004537453960964,60.98067389628401,True
500,450,752.5500000000001,1.005,0,561.9923521944993,45.222421843072055,22.611210921536074,60.98067389628401,True
500,450,752.5500000000001,1.005,1.005,581.7936224423929,46.49349638298508,23.24674819149254,60.98067389628401,True
500,450,827.2950000000001,-1.005,-1.005,651.8947084266156,50.85749040222041,25.428745201110253,53.83689073666891,True
500,450,827.2950000000001,-1.005,0,677.6075566336413,52.41077080994364,26.205385404971867,53.83689073666891,True
500,450,827.2950000000001,-1.005,1.005,705.0898976685339,54.045797297388404,27.02289864869425,53.83689073666891,True
500,450,827.2950000000001,0.0,-1.005,674.0833292428597,52.19925752263999,26.09962876132004,53.97077185825483,True
500,450,827.2950000000001,0.0,0,701.3211424877372,53.823054300605,26.911527150302547,53.97077185825483,True
500,450,827.2950000000001,0.0,1.005,730.4651214914184,55.53384783425214,27.76692391712612,53.97077185825483,True
500,450,827.2950000000001,1.005,-1.005,698.0275470525821,53.62801716934993,26.814008584675015,54.08876941108776,True
500,450,827.2950000000001,1.005,0,726.9390571165759,55.32826625284806,27.66413312642408,54.08876941108776,True
500,450,827.2950000000001,1.005,1.005,757.9094774665409,57.1213023414147,28.56065117070735,54.08876941108776,True
500,450,902.0400000000001,-1.005,-1.005,821.3506531001731,60.710749630547596,30.355374815273798,48.2080472165016,True
500,450,902.0400000000001,-1.005,0,859.3226229698776,62.81015010619998,31.405075053100035,48.2080472165016,True
500,450,902.0400000000001,-1.005,1.005,900.2257450911957,65.03411769325882,32.51705884662941,48.2080472165016,True
500,450,902.0400000000001,0.0,-1.005,858.7881554155547,62.78083879953601,31.390419399768007,48.22169023311608,True
500,450,902.0400000000001,0.0,0,899.6495770138717,65.00304800193008,32.50152400096504,48.22169023311608,True
500,450,902.0400000000001,0.0,1.005,943.7349805217063,67.36009383233794,33.68004691616902,48.22169023311608,True
500,450,902.0400000000001,1.005,-1.005,899.896779112576,65.0163791810834,32.5081895905417,48.215835040826505,True
500,450,902.0400000000001,1.005,0,944.0019061215544,67.37424318998215,33.68712159499112,48.215835040826505,True
500,450,902.0400000000001,1.005,1.005,991.6674364923792,69.87854000018694,34.93927000009352,48.215835040826505,True
500,450,976.7850000000001,-1.005,-1.005,1031.234023171677,71.92500317653011,35.962501588265106,43.41814039771995,True
500,450,976.7850000000001,-1.005,0,1086.1771100251754,74.72145804422978,37.36072902211494,43.41814039771995,True
500,450,976.7850000000001,-1.005,1.005,1145.8586796686714,77.70354807809449,38.85177403904729,43.41814039771995,True
500,450,976.7850000000001,0.0,-1.005,1090.3799730869414,74.93330326362005,37.466651631810024,43.34455630746138,True
500,450,976.7850000000001,0.0,0,1150.4287968862636,77.92964243507741,38.964821217538706,43.34455630746138,True
500,450,976.7850000000001,0.0,1.005,1215.7974406157318,81.13029926965332,40.56514963482666,43.34455630746138,True
500,450,976.7850000000001,1.005,-1.005,1156.347782413014,78.22200516559538,39.11100258279774,43.24992854315512,True
500,450,976.7850000000001,1.005,0,1222.2480573679022,81.44287392870237,40.721436964351234,43.24992854315512,True
500,450,976.7850000000001,1.005,1.005,1294.153344185932,84.88961972522321,42.444809862611606,43.24992854315512,True
500,450,1051.53,-1.005,-1.005,1285.4982298924388,84.47829130535135,42.239145652675674,39.34629026358071,True
500,450,1051.53,-1.005,0,1363.3121323164614,88.1432300272084,44.07161501360425,39.34629026358071,True
500,450,1051.53,-1.005,1.005,1448.583737676834,92.07837655334954,46.03918827667477,39.34629026358071,True
500,450,1051.53,0.0,-1.005,1374.3027487754334,88.65503955903972,44.32751977951991,39.21142172321386,True
500,450,1051.53,0.0,0,1460.6440784829356,92.62850236091043,46.31425118045532,39.21142172321386,True
500,450,1051.53,0.0,1.005,1555.5265352330098,96.90422208574142,48.45211104287071,39.21142172321386,True
500,450,1051.53,1.005,-1.005,1474.79459857849,93.27200989933695,46.63600494966852,39.055325301885716,True
500,450,1051.53,1.005,0,1571.0997605004213,97.59747205995583,48.79873602997802,39.055325301885716,True
500,450,1051.53,1.005,1.005,1677.254254793752,102.26293656863643,51.13146828431832,39.055325301885716,True
500,450,1126.275,-1.005,-1.005,1587.8186638734896,98.33914721829686,49.16957360914843,35.87533136941376,True
500,450,1126.275,-1.005,0,1695.7121617917473,103.0638904438674,51.5319452219338,35.87533136941376,True
500,450,1126.275,-1.005,1.005,1815.0296314675015,108.17289849165202,54.08644924582612,35.87533136941376,True
500,450,1126.275,0.0,-1.005,1715.8314669119954,103.93361253743366,51.96680626871693,35.69853747754981,True
500,450,1126.275,0.0,0,1837.3171349604963,109.11459489457165,54.55729744728593,35.69853747754981,True
500,450,1126.275,0.0,1.005,1972.1410020149906,114.73220391618965,57.36610195809482,35.69853747754981,True
500,450,1126.275,1.005,-1.005,1862.6908264160593,110.18205716264346,55.09102858132173,35.50112851063888,True
500,450,1126.275,1.005,0,2000.3528373721201,115.89128590377965,57.94564295188982,35.50112851063888,True
500,450,1126.275,1.005,1.005,2153.718414911629,122.10001733922094,61.05000866961058,35.50112851063888,True
500,450,1201.02,-1.005,-1.005,1941.6100866571232,113.47160643740098,56.735803218700596,32.90196875796965,True
500,450,1201.02,-1.005,0,2088.212252740246,119.46669866564059,59.7333493328204,32.90196875796965,True
500,450,1201.02,-1.005,1.005,2251.8631752151923,125.99627986375869,62.998139931879344,32.90196875796965,True
500,450,1201.02,0.0,-1.005,2120.08007082161,120.75114134238174,60.37557067119087,32.69728884015556,True
500,450,1201.02,0.0,0,2287.510988155471,127.39747800789169,63.698739003945846,32.69728884015556,True
500,450,1201.02,0.0,1.005,2475.2219672164338,134.66040503601965,67.33020251800983,32.69728884015556,True
500,450,1201.02,1.005,-1.005,2327.535003741843,128.96211513280454,64.48105756640237,32.473020913978566,True
500,450,1201.02,1.005,0,2520.1962452770676,136.37319670346008,68.18659835173004,32.473020913978566,True
500,450,1201.02,1.005,1.005,2737.2203340203323,144.50131435662823,72.25065717831411,32.473020913978566,True
500,450,1275.7649999999999,-1.005,-1.005,2350.0428582596815,129.83809434839515,64.91904717419757,30.339384878013814,True
500,450,1275.7649999999999,-1.005,0,2545.504928250961,137.33261642867305,68.66630821433662,30.339384878013814,True
500,450,1275.7649999999999,-1.005,1.005,2765.7937612304977,145.5553866484063,72.77769332420326,30.339384878013814,True
500,450,1275.7649999999999,0.0,-1.005,2592.009024815012,139.08738005604812,69.54369002802406,30.116844514100812,True
500,450,1275.7649999999999,0.0,0,2818.334897465249,147.48434100790055,73.74217050395039,30.116844514100812,True
500,450,1275.7649999999999,0.0,1.005,3074.731654893949,156.73384344610437,78.36692172305219,30.116844514100812,True
500,450,1275.7649999999999,1.005,-1.005,2876.876053725484,149.6197232013761,74.80986160068815,29.875920598546216,True
500,450,1275.7649999999999,1.005,0,3141.232797665616,159.09098610272335,79.54549305136167,29.875920598546216,True
500,450,1275.7649999999999,1.005,1.005,3442.431438112133,169.56964029560507,84.78482014780265,29.875920598546216,True
500,450,1350.51,-1.005,-1.005,2816.0580867624576,147.40099811476026,73.70049905738013,28.116362101134126,True
500,450,1350.51,-1.005,0,3072.1467470740536,156.641885791252,78.32094289562612,28.116362101134126,True
500,450,1350.51,-1.005,1.005,3363.5778932008416,166.85635286367364,83.42817643183693,28.116362101134126,True
500,450,1350.51,0.0,-1.005,3136.432518887481,158.9213903326627,79.46069516633146,27.883062142757726,True
500,450,1350.51,0.0,0,3436.949352989006,169.3816676627351,84.69083383136756,27.883062142757726,True
500,450,1350.51,0.0,1.005,3781.0331910076893,180.99809088535366,90.49904544267694,27.883062142757726,True
500,450,1350.51,1.005,-1.005,3518.3188041264493,172.16175407700166,86.08087703850083,27.632623170194222,True
500,450,1350.51,1.005,0,3874.501123266791,184.0931365801269,92.04656829006356,27.632623170194222,True
500,450,1350.51,1.005,1.005,3913.141530621775,157.82749757827028,78.91374878913514,27.632623170194222,True
500,450,1425.255,-1.005,-1.005,3342.381778975856,166.12347972975428,83.06173986487714,26.175137117596368,True
500,450,1425.255,-1.005,0,3672.564568570753,177.3748628208073,88.68743141040365,26.175137117596368,True
500,450,1425.255,-1.005,1.005,4006.954501894128,176.25504527907506,88.12752263953753,26.175137117596368,True
500,450,1425.255,0.0,-1.005,3758.025336165525,180.23241187554763,90.11620593777393,25.936083345386105,True
500,450,1425.255,0.0,0,4003.5252774140663,168.33701708452895,84.16850854226448,25.936083345386105,True
500,450,1425.255,0.0,1.005,3355.6748124311816,134.20484440556413,67.10242220278207,25.936083345386105,True
500,450,1425.255,1.005,-1.005,3937.507628352032,159.7985653695435,79.89928268477186,25.681100453255446,True
500,450,1425.255,1.005,0,3020.724983910539,125.38576993871985,62.69288496936002,25.681100453255446,True
500,450,1425.255,1.005,1.005,1340.243632190919,82.4977453180586,41.255219017878,25.681100453255446,True
500,450,1500.0,-1.005,-1.005,3931.5380647864695,185.96986824940205,92.98493412470103,24.469037035181447,True
500,450,1500.0,-1.005,0,3835.524298499122,152.79869031435183,76.39934515717592,24.469037035181447,True
500,450,1500.0,-1.005,1.005,2695.4606001246066,118.20601813456436,59.10300906728218,24.469037035181447,True
500,450,1500.0,0.0,-1.005,3660.7859831038513,144.57397982395423,72.28698991197722,24.22774531795417,True
500,450,1500.0,0.0,0,2282.8696777891746,107.59803314863326,53.79901657431673,24.22774531795417,True
500,450,1500.0,0.0,1.005,740.4700625525293,61.716432117300435,30.862963759616896,24.22774531795417,True
500,450,1500.0,1.005,-1.005,1835.6499672841164,96.14360625690351,48.078246812544634,23.971662458452577,True
500,450,1500.0,1.005,0,474.8069142479944,49.60699164873794,24.80731197436765,23.971662458452577,True
500,450,1500.0,1.005,1.005,0.011749194003641605,0.25061307702059465,0.12532581859883646,23.971662458452577,True
650,100,5.1,-1.005,-1.005,0.5723904392885087,6.399821325367448,3.199910662683724,9.826996740903983,True
650,100,5.1,-1.005,0,93.63526040033277,80.88667256046591,40.443336280232955,9.826996740903983,True
650,100,5.1,-1.005,1.005,286.42045832625286,135.14829560190833,67.57414780095417,9.826996740903983,True
650,100,5.1,0.0,-1.005,0.46219212252983616,5.751450044621157,2.8757250223105784,8.814246733815573,True
650,100,5.1,0.0,0,92.44329099281502,80.37680326478107,40.18840163239054,8.814246733815573,True
650,100,5.1,0.0,1.005,284.80962332239903,135.25391610239697,67.62695805119849,8.814246733815573,True
650,100,5.1,1.005,-1.005,0.3633447977469381,5.099999999998768,2.549999999999384,7.80147529188239,True
650,100,5.1,1.005,0,91.25381921460651,79.86462977479877,39.932314887399386,7.80147529188239,True
650,100,5.1,1.005,1.005,283.1854199900729,135.35999711884244,67.67999855942122,7.80147529188239,True
650,100,79.845,-1.005,-1.005,136.27192298549596,97.32049595585706,48.66024797792853,11.089239320134718,True
650,100,79.845,-1.005,0,335.138312195234,131.73506932089333,65.86753466044667,11.089239320134718,True
650,100,79.845,-1.005,1.005,457.19143649080434,119.92591836509759,59.9629591825488,11.089239320134718,True
650,100,79.845,0.0,-1.005,112.96654938185148,88.7321531409604,44.3660765704802,9.947975597005252,True
650,100,79.845,0.0,0,310.44872163862703,133.52098505722375,66.76049252861188,9.947975597005252,True
650,100,79.845,0.0,1.005,445.64394041444643,121.39933279325619,60.6996663966281,9.947975597005252,True
650,100,79.845,1.005,-1.005,91.20838820428267,79.84500000000037,39.922500000000184,8.806177710875803,True
650,100,79.845,1.005,0,283.12304858978564,135.36406248900855,67.68203124450427,8.806177710875803,True
650,100,79.845,1.005,1.005,432.70912521569653,122.91610395848825,61.45805197924413,8.806177710875803,True
650,100,154.59,-1.005,-1.005,421.3878491296726,124.14974181315706,62.07487090657853,12.717425139202534,True
650,100,154.59,-1.005,0,495.7930794602054,113.62715163585447,56.81357581792725,12.717425139202534,True
650,100,154.59,-1.005,1.005,523.1686924236831,104.77863929903197,52.389319649516,12.717425139202534,True
650,100,154.59,0.0,-1.005,384.74945740478097,127.69263972849777,63.84631986424889,11.411982240175396,True
650,100,154.59,0.0,0,479.8282263977792,116.57737098436573,58.288685492182864,11.411982240175396,True
650,100,154.59,0.0,1.005,518.3955105840596,107.27260965052409,53.636304825262044,11.411982240175396,True
650,100,154.59,1.005,-1.005,338.6636995373259,131.46937445777903,65.73468722888951,10.104832939944663,True
650,100,154.59,1.005,0,458.82742329314,119.70640430659257,59.85320215329629,10.104832939944663,True
650,100,154.59,1.005,1.005,510.9042265302139,109.90654149379677,54.95327074689838,10.104832939944663,True
650,100,229.335,-1.005,-1.005,524.8263445008672,103.45113018421688,51.72556509210844,14.89340648362927,True
650,100,229.335,-1.005,0,523.697837876711,96.09680417388861,48.04840208694431,14.89340648362927,True
650,100,229.335,-1.005,1.005,510.1123050869428,89.74449218215997,44.872246091080015,14.89340648362927,True
650,100,229.335,0.0,-1.005,517.3576566848368,107.69861562841139,53.84930781420571,13.372087514498787,True
650,100,229.335,0.0,0,526.3635720913895,99.73569872572446,49.867849362862245,13.372087514498787,True
650,100,229.335,0.0,1.005,518.196074073596,92.89583616855224,46.44791808427613,13.372087514498787,True
650,100,229.335,1.005,-1.005,501.55176548770646,112.36038648050895,56.180193240254475,11.846375671076277,True
650,100,229.335,1.005,0,524.5561076321699,103.70461737634211,51.85230868817106,11.846375671076277,True
650,100,229.335,1.005,1.005,523.9676028845298,96.31458169383612,48.15729084691806,11.846375671076277,True
650,100,304.08000000000004,-1.005,-1.005,489.4480895831812,84.04946311506905,42.02473155753455,17.93845796864335,True
650,100,304.08000000000004,-1.005,0,466.42750784218026,79.19454072904118,39.59727036452059,17.93845796864335,True
650,100,304.08000000000004,-1.005,1.005,442.48635064274606,74.89164016593521,37.445820082967636,17.93845796864335,True
650,100,304.08000000000004,0.0,-1.005,506.03133896324834,88.4373865277657,44.21869326388288,16.123745224494314,True
650,100,304.08000000000004,0.0,0,485.1238189851417,83.05800367633447,41.52900183816726,16.123745224494314,True
650,100,304.08000000000004,0.0,1.005,461.8032764229688,78.31823436376939,39.159117181884724,16.123745224494314,True
650,100,304.08000000000004,1.005,-1.005,519.2444037644549,93.39762687961375,46.69881343980689,14.298195582673786,True
650,100,304.08000000000004,1.005,0,502.4906007700788,87.39645742671448,43.69822871335725,14.298195582673786,True
650,100,304.08000000000004,1.005,1.005,480.95902748974095,82.14367198590132,41.07183599295069,14.298195582673786,True
650,100,378.82500000000005,-1.005,-1.005,384.6317080871013,65.99112315656896,32.99556157828448,22.468935727350726,True
650,100,378.82500000000005,-1.005,0,363.5333467261123,63.03715102077969,31.518575510389844,22.468935727350726,True
650,100,378.82500000000005,-1.005,1.005,343.7764346903118,60.354079584455505,30.177039792227777,22.468935727350726,True
650,100,378.82500000000005,0.0,-1.005,411.9460175041729,70.00803614498906,35.00401807249456,20.24223714097013,True
650,100,378.82500000000005,0.0,0,389.3501528648287,66.66746244454296,33.33373122227148,20.24223714097013,True
650,100,378.82500000000005,0.0,1.005,367.970696590492,63.64986437678941,31.824932188394733,20.24223714097013,True
650,100,378.82500000000005,1.005,-1.005,441.30695900561057,74.69255110386085,37.346275551930454,17.987904963678925,True
650,100,378.82500000000005,1.005,0,417.59753786585816,70.87477577414727,35.43738788707363,17.987904963678925,True
650,100,378.82500000000005,1.005,1.005,394.7386931673075,67.44804178906024,33.72402089453012,17.987904963678925,True
650,100,453.57000000000005,-1.005,-1.005,260.49532168725204,49.49171987814845,24.745859939074254,29.789054921194744,True
650,100,453.57000000000005,-1.005,0,248.18459298219545,47.90405538181035,23.952027690905176,29.789054921194744,True
650,100,453.57000000000005,-1.005,1.005,236.77899568359294,46.42892788189808,23.21446394094904,29.789054921194744,True
650,100,453.57000000000005,0.0,-1.005,285.1145662881456,52.66513580901387,26.332567904506963,26.98006224643915,True
650,100,453.57000000000005,0.0,0,270.9803600006935,50.842554249352645,25.421277124676323,26.98006224643915,True
650,100,453.57000000000005,0.0,1.005,257.894326455679,49.15651899661989,24.57825949830997,26.98006224643915,True
650,100,453.57000000000005,1.005,-1.005,314.66527167250865,56.50166281648021,28.25083140824013,24.09435836832922,True
650,100,453.57000000000005,1.005,0,298.34938825469567,54.37730838584578,27.18865419292289,24.09435836832922,True
650,100,453.57000000000005,1.005,1.005,283.2345204606029,52.42245290987164,26.211226454935847,24.09435836832922,True
650,100,528.315,-1.005,-1.005,153.3137815136165,35.23098080913758,17.61549040456879,42.90808583664781,True
650,100,528.315,-1.005,0,148.43957632542697,34.53693105988092,17.26846552994046,42.90808583664781,True
650,100,528.315,-1.005,1.005,143.87024863229863,33.879920780177066,16.93996039008858,42.90808583664781,True
650,100,528.315,0.0,-1.005,166.8666919507873,37.128246456126405,18.564123228063227,39.413159523575374,True
650,100,528.315,0.0,0,161.1262660575244,36.330101790516395,18.165050895258247,39.413159523575374,True
650,100,528.315,0.0,1.005,155.75601390033853,35.57626551892655,17.788132759463274,39.413159523575374,True
650,100,528.315,1.005,-1.005,184.52693934862828,39.54110315376281,19.770551576881406,35.68645484509442,True
650,100,528.315,1.005,0,177.61888771988652,38.6042788946065,19.302139447303276,35.68645484509442,True
650,100,528.315,1.005,1.005,171.17258605347843,37.72215562049575,18.861077810247902,35.68645484509442,True
650,100,603.0600000000001,-1.005,-1.005,89.28940784438464,25.258387402818016,12.62919370140904,67.96311954628263,True
650,100,603.0600000000001,-1.005,0,88.24040000490913,25.066067243130032,12.533033621565016,67.96311954628263,True
650,100,603.0600000000001,-1.005,1.005,87.26168417546205,24.88425176517175,12.442125882585875,67.96311954628263,True
650,100,603.0600000000001,0.0,-1.005,91.7256080096422,25.69655705447554,12.84827852723777,64.85463945874639,True
650,100,603.0600000000001,0.0,0,90.5198123302448,25.481041370544613,12.740520685272337,64.85463945874639,True
650,100,603.0600000000001,0.0,1.005,89.39065516564779,25.276822727748236,12.638411363874118,64.85463945874639,True
650,100,603.0600000000001,1.005,-1.005,95.22195949536626,26.30893390410889,13.15446695205448,61.25237768247927,True
650,100,603.0600000000001,1.005,0,93.80142414366992,26.062182163315306,13.031091081657687,61.25237768247927,True
650,100,603.0600000000001,1.005,1.005,92.46703985559225,25.827888446370245,12.913944223185156,61.25237768247927,True
650,100,677.8050000000001,-1.005,-1.005,87.22050057253819,25.31205127169446,12.656025635847252,75.0896269641015,True
650,100,677.8050000000001,-1.005,0,88.19904949085776,25.55112070429478,12.775560352147412,75.0896269641015,True
650,100,677.8050000000001,-1.005,1.005,89.24839935875525,25.801377423064547,12.900688711532274,75.0896269641015,True
650,100,677.8050000000001,0.0,-1.005,88.84651007459343,25.706215195985568,12.853107597992805,74.46141011237849,True
650,100,677.8050000000001,0.0,0,89.94160788555291,25.96369181108045,12.981845905540226,74.46141011237849,True
650,100,677.8050000000001,0.0,1.005,91.11246106274666,26.23310237056123,13.116551185280638,74.46141011237849,True
650,100,677.8050000000001,1.005,-1.005,90.9968364473225,26.20674321161,13.103371605805,73.55275965559606,True
650,100,677.8050000000001,1.005,0,92.23910521612515,26.487372996875653,13.24368649843785,73.55275965559606,True
650,100,677.8050000000001,1.005,1.005,93.56386829305484,26.780917499770855,13.390458749885427,73.55275965559606,True
650,100,752.5500000000001,-1.005,-1.005,160.41736801152183,38.75246049236666,19.376230246183372,46.853045614359615,True
650,100,752.5500000000001,-1.005,0,166.22449198220056,39.65989434004547,19.829947170022734,46.853045614359615,True
650,100,752.5500000000001,-1.005,1.005,172.45616841011088,40.618964391287896,20.309482195643948,46.853045614359615,True
650,100,752.5500000000001,0.0,-1.005,183.13224914624152,42.22944005601746,21.11472002800873,44.27871380125098,True
650,100,752.5500000000001,0.0,0,190.64471909432086,43.33995642962238,21.669978214811234,44.27871380125098,True
650,100,752.5500000000001,0.0,1.005,198.74736815009965,44.51833253019403,22.259166265097015,44.27871380125098,True
650,100,752.5500000000001,1.005,-1.005,216.79267719155087,47.07700378437164,23.53850189218587,41.28221185859157,True
650,100,752.5500000000001,1.005,0,227.04807653275475,48.4944514298399,24.247225714919995,41.28221185859157,True
650,100,752.5500000000001,1.005,1.005,238.18854169845144,50.00689923690237,25.003449618451228,41.28221185859157,True
650,100,827.2950000000001,-1.005,-1.005,318.09564053879876,60.1764148328296,30.088207416414846,31.87117484171801,True
650,100,827.2950000000001,-1.005,0,338.0274086492591,62.56153152841065,31.280765764205324,31.87117484171801,True
650,100,827.2950000000001,-1.005,1.005,360.09303822108814,65.14425315759094,32.57212657879547,31.87117484171801,True
650,100,827.2950000000001,0.0,-1.005,396.10835252700235,69.24276713457078,34.62138356728539,29.424376155613537,True
650,100,827.2950000000001,0.0,0,424.78604416872986,72.41344758930977,36.206723794654934,29.424376155613537,True
650,100,827.2950000000001,0.0,1.005,456.9350127375874,75.88070090223646,37.94035045111823,29.424376155613537,True
650,100,827.2950000000001,1.005,-1.005,519.0363002245431,82.34922037599144,41.17461018799577,26.763908026243147,True
650,100,827.2950000000001,1.005,0,563.490960846244,86.81765657148823,43.40882828574417,26.763908026243147,True
650,100,827.2950000000001,1.005,1.005,614.2009916365032,91.77131013596295,45.885655067981475,26.763908026243147,True
650,100,902.0400000000001,-1.005,-1.005,566.4008167228621,87.10588213416762,43.552941067083864,23.68746194929407,True
650,100,902.0400000000001,-1.005,0,617.5299526751242,92.09156865556314,46.045784327781625,23.68746194929407,True
650,100,902.0400000000001,-1.005,1.005,676.2113435184256,97.64534507660827,48.82267253830413,23.68746194929407,True
650,100,902.0400000000001,0.0,-1.005,746.6167033621396,104.10019621803636,52.05009810901823,21.641317600266962,True
650,100,902.0400000000001,0.0,0,825.8778288631156,111.12940654818196,55.56470327409098,21.641317600266962,True
650,100,902.0400000000001,0.0,1.005,918.7867206419733,119.09127325059072,59.545636625295415,21.641317600266962,True
650,100,902.0400000000001,1.005,-1.005,1046.4737597854419,129.6156024320306,64.8078012160153,19.483222664419216,True
650,100,902.0400000000001,1.005,0,1181.0955613399974,140.26757715050474,70.13378857525237,19.483222664419216,True
650,100,902.0400000000001,1.005,1.005,1343.6852362650752,152.62249376564097,76.31124688282048,19.483222664419216,True
650,100,976.7850000000001,-1.005,-1.005,909.1690277989492,118.2797894343526,59.1398947171763,18.72302927637048,True
650,100,976.7850000000001,-1.005,0,1017.2012271739686,127.24175707763409,63.620878538817045,18.72302927637048,True
650,100,976.7850000000001,-1.005,1.005,1145.986384834855,137.52931592290807,68.76465796145403,18.72302927637048,True
650,100,976.7850000000001,0.0,-1.005,1251.3712642684113,145.67091656548777,72.83545828274394,17.01471831892641,True
650,100,976.7850000000001,0.0,0,1429.272718094052,158.9316191151849,79.46580955759245,17.01471831892641,True
650,100,976.7850000000001,0.0,1.005,1648.0188695600082,174.53329791953502,87.26664895976756,17.01471831892641,True
650,100,976.7850000000001,1.005,-1.005,1851.0779525835133,188.43508255100573,94.21754127550292,15.240641069265422,True
650,100,976.7850000000001,1.005,0,2177.8096644773905,209.8349664956672,104.9174832478337,15.240641069265422,True
650,100,976.7850000000001,1.005,1.005,2598.1321520279034,235.93831525050578,117.96915762525295,15.240641069265422,True
650,100,1051.53,-1.005,-1.005,1348.4967646169816,152.9805327988441,76.49026639942205,15.436291901094108,True
650,100,1051.53,-1.005,0,1548.3342711430187,167.51101139446777,83.75550569723389,15.436291901094108,True
650,100,1051.53,-1.005,1.005,1796.018617087122,184.71555692140097,92.35777846070049,15.436291901094108,True
650,100,1051.53,0.0,-1.005,1925.4079716496644,193.4015079771633,96.70075398858171,13.984862252563177,True
650,100,1051.53,0.0,0,2272.697263161959,215.85606562388418,107.92803281194213,13.984862252563177,True
650,100,1051.53,0.0,1.005,2721.72868127981,243.35695933056982,121.67847966528491,13.984862252563177,True
650,100,1051.53,1.005,-1.005,2989.066320994847,259.0565854759999,129.52829273799995,12.490911901590993,True
650,100,1051.53,1.005,0,3675.617045655539,297.5240154707901,148.76200773539514,12.490911901590993,True
650,100,1051.53,1.005,1.005,4621.880219727684,347.1221034830414,173.56105174152083,12.490911901590993,True
650,100,1126.275,-1.005,-1.005,1885.1707012458482,190.720684542181,95.36034227109056,13.113788521881851,True
650,100,1126.275,-1.005,0,2221.276711974073,212.60315529101516,106.30157764550769,13.113788521881851,True
650,100,1126.275,-1.005,1.005,2654.6670927964788,239.34500318388487,119.67250159194244,13.113788521881851,True
650,100,1126.275,0.0,-1.005,2782.452866724083,246.96341827281964,123.48170913640986,11.857733974729234,True
650,100,1126.275,0.0,0,3396.851126000809,282.19606379028477,141.09803189514244,11.857733974729234,True
650,100,1126.275,0.0,1.005,4234.0497739020975,327.20634460524565,163.60317230262282,11.857733974729234,True
650,100,1126.275,1.005,-1.005,4522.071502334864,342.04668172231715,171.02334086115857,10.572113474484153,True
650,100,1126.275,1.005,0,5828.250461976668,406.10735449781725,203.05367724890863,10.572113474484153,True
650,100,1126.275,1.005,1.005,6972.373935032594,376.7255879467052,188.36279397335272,10.572113474484153,True
650,100,1201.02,-1.005,-1.005,2518.994031067148,231.1306325337104,115.56531626685526,11.390683733405147,True
650,100,1201.02,-1.005,0,3045.6245322674295,262.321431711163,131.1607158555816,11.390683733405147,True
650,100,1201.02,-1.005,1.005,3752.4231458729028,301.6839664914939,150.841983245747,11.390683733405147,True
650,100,1201.02,0.0,-1.005,3835.226691613596,306.13977095267416,153.0698854763372,10.286178639481843,True
650,100,1201.02,0.0,0,4846.092516840883,358.4049149603334,179.2024574801667,10.286178639481843,True
650,100,1201.02,0.0,1.005,6273.105509441804,407.3918932943531,203.69594664717656,10.286178639481843,True
650,100,1201.02,1.005,-1.005,6437.690244012185,402.4922528913492,201.2461264456746,9.1599495948725,True
650,100,1201.02,1.005,0,7035.807578162163,357.48525512566727,178.74262756283363,9.1599495948725,True
650,100,1201.02,1.005,1.005,5928.541764713278,302.2207900973581,151.11039504867904,9.1599495948725,True
650,100,1275.7649999999999,-1.005,-1.005,3249.035558898988,273.91262193934756,136.95631096967384,10.06366752771794,True
650,100,1275.7649999999999,-1.005,0,4030.3863565297615,316.5275856247796,158.2637928123899,10.06366752771794,True
650,100,1275.7649999999999,-1.005,1.005,5122.334967499679,372.09252079048525,186.04626039524263,10.06366752771794,True
650,100,1275.7649999999999,0.0,-1.005,5095.699906550117,370.7825987970059,185.39129939850295,9.07934923961913,True
650,100,1275.7649999999999,0.0,0,6537.240427281653,399.176735887268,199.588367943634,9.07934923961913,True
650,100,1275.7649999999999,0.0,1.005,7015.499445183306,353.49706870757524,176.74853435378762,9.07934923961913,True
650,100,1275.7649999999999,1.005,-1.005,7016.787335080311,353.6977428940656,176.8488714470328,8.078375067678717,True
650,100,1275.7649999999999,1.005,0,5790.770367108631,297.4059225196288,148.7029612598145,8.078375067678717,True
650,100,1275.7649999999999,1.005,1.005,3554.3745317572393,226.15243877552348,113.0822123437597,8.078375067678717,True
650,100,1350.51,-1.005,-1.005,4073.8206676199334,318.81847761346404,159.40923880673202,9.011289835542273,True
650,100,1350.51,-1.005,0,5184.124112661835,375.12350037297256,187.56175018648628,9.011289835542273,True
650,100,1350.51,-1.005,1.005,6614.972882045189,396.34019372089364,198.17009686044682,9.011289835542273,True
650,100,1350.51,0.0,-1.005,6476.537813727857,401.2354535255876,200.61772676279392,8.12426235442569,True
650,100,1350.51,0.0,0,7029.426815903727,355.9741024896068,177.9870512448034,8.12426235442569,True
650,100,1350.51,0.0,1.005,5873.786551003559,300.30044988050065,150.15022494025033,8.12426235442569,True
650,100,1350.51,1.005,-1.005,6058.26932690465,306.8065978989617,153.40329894948096,7.224029630947144,True
650,100,1350.51,1.005,0,3949.5728285133373,237.8982078476023,118.94917649804454,7.224029630947144,True
650,100,1350.51,1.005,1.005,1417.5433294731192,150.58393170919626,75.30354992472638,7.224029630947144,True
650,100,1425.255,-1.005,-1.005,4991.47822547941,365.6370484494603,182.81852422473014,8.156822593110494,True
650,100,1425.255,-1.005,0,6435.281876597859,402.5687432172711,201.28437160863555,8.156822593110494,True
650,100,1425.255,-1.005,1.005,7036.143787292547,357.577200744682,178.7886003723411,8.156822593110494,True
650,100,1425.255,0.0,-1.005,7038.087882748234,367.1221306970028,183.56106534850147,7.349987434123835,True
650,100,1425.255,0.0,0,6271.182323868234,314.4457145383899,157.2228572691951,7.349987434123835,True
650,100,1425.255,0.0,1.005,4261.519853053585,247.40479380930324,123.70239690465162,7.349987434123835,True
650,100,1425.255,1.005,-1.005,4697.158486511638,261.04984605207477,130.52492302603738,6.532397537177575,True
650,100,1425.255,1.005,0,2117.0612940126666,180.23535441049344,90.13154229006346,6.532397537177575,True
650,100,1425.255,1.005,1.005,321.20179831847054,75.31444242252327,37.663014975396926,6.532397537177575,True
650,100,1500.0,-1.005,-1.005,5999.85387714028,414.18623925277666,207.09311962638844,7.449528848069595,True
650,100,1500.0,-1.005,0,7014.837932984099,371.7836834010393,185.89184170051965,7.449528848069595,True
650,100,1500.0,-1.005,1.005,6432.945926517059,320.34199119199906,160.17099559599964,7.449528848069595,True
650,100,1500.0,0.0,-1.005,6777.711405966807,334.925387204532,167.4626936022661,6.7098368077569335,True
650,100,1500.0,0.0,0,5080.937579839901,273.44970472722144,136.7248523636108,6.7098368077569335,True
650,100,1500.0,0.0,1.005,2560.8596220347536,195.98436467551528,98.0072589571468,6.7098368077569335,True
650,100,1500.0,1.005,-1.005,3257.4301199144684,217.53488989950455,108.78396752292429,5.961191487581711,True
650,100,1500.0,1.005,0,931.0593317286912,124.23574147437057,62.12742790258492,5.961191487581711,True
650,100,1500.0,1.005,1.005,0.002775647255475633,0.23161348283990849,0.11582456002479125,5.961191487581711,True
650,250,5.1,-1.005,-1.005,0.49935929758576475,5.583269849304375,2.7916349246521874,22.201055435147975,True
650,250,5.1,-1.005,0,24.617103198569815,39.11294454618135,19.556472273090677,22.201055435147975,True
650,250,5.1,-1.005,1.005,78.08984683217861,64.64378404314698,32.32189202157349,22.201055435147975,True
650,250,5.1,0.0,-1.005,0.45721300050018987,5.342547026610129,2.6712735133050645,21.189170197431377,True
650,250,5.1,0.0,0,24.341026514840998,38.89357908489555,19.446789542447775,21.189170197431377,True
650,250,5.1,0.0,1.005,77.67785626519051,64.66282462469076,32.33141231234538,21.189170197431377,True
650,250,5.1,1.005,-1.005,0.41662763163071503,5.099999999998768,2.549999999999384,20.177237332962605,True
650,250,5.1,1.005,0,24.06444983219844,38.67255876309654,19.33627938154827,20.177237332962605,True
650,250,5.1,1.005,1.005,77.26223628693418,64.68200919499016,32.34100459749508,20.177237332962605,True
650,250,79.845,-1.005,-1.005,110.565223551434,63.06195294287401,31.530976471437008,24.798834963646723,True
650,250,79.845,-1.005,0,155.36158134627863,60.543690184222626,30.271845092111317,24.798834963646723,True
650,250,79.845,-1.005,1.005,189.3615852848586,58.236057746699,29.118028873349505,24.798834963646723,True
650,250,79.845,0.0,-1.005,104.48257209875027,63.3713556510002,31.6856778255001,23.676357974344075,True
650,250,79.845,0.0,0,150.7372741513969,60.82667062619862,30.413335313099314,23.676357974344075,True
650,250,79.845,0.0,1.005,185.85835359620785,58.49576267193588,29.24788133596794,23.676357974344075,True
650,250,79.845,1.005,-1.005,98.14162853390758,63.687078987390024,31.843539493695012,22.552759873798365,True
650,250,79.845,1.005,0,145.91546912037376,61.11530947014347,30.557654735071736,22.552759873798365,True
650,250,79.845,1.005,1.005,182.2034357709587,58.7605579372007,29.380278968600358,22.552759873798365,True
650,250,154.59,-1.005,-1.005,219.66270136299642,55.67988382413266,27.839941912066337,28.030273435587834,True
650,250,154.59,-1.005,0,237.68362095810173,53.75670919108269,26.87835459554136,28.030273435587834,True
650,250,154.59,-1.005,1.005,250.93158158268182,51.97740901151509,25.988704505757557,28.030273435587834,True
650,250,154.59,0.0,-1.005,214.3282672001045,56.17908297364284,28.089541486821428,26.776996848823448,True
650,250,154.59,0.0,0,233.72176265935929,54.21780812063299,27.108904060316494,26.776996848823448,True
650,250,154.59,0.0,1.005,248.0418737528615,52.40443344220069,26.202216721100346,26.776996848823448,True
650,250,154.59,1.005,-1.005,208.51932243478933,56.695253345821705,28.347626672910856,25.52040765215327,True
650,250,154.59,1.005,0,229.39270446769183,54.69425594023419,27.347127970117104,25.52040765215327,True
650,250,154.59,1.005,1.005,244.8677402224119,52.8453937385427,26.422696869271363,25.52040765215327,True
650,250,229.335,-1.005,-1.005,267.43715132647634,48.677401930980814,24.33870096549042,32.12894155548414,True
650,250,229.335,-1.005,0,271.559259847624,47.255914370613525,23.627957185306762,32.12894155548414,True
650,250,229.335,-1.005,1.005,273.9063947513943,45.928822023186626,22.96441101159333,32.12894155548414,True
650,250,229.335,0.0,-1.005,265.1927248644912,49.273121103116495,24.63656055155826,30.722894090272817,True
650,250,229.335,0.0,0,270.15165280772453,47.81132974378572,23.90566487189286,30.722894090272817,True
650,250,229.335,0.0,1.005,273.15615671415463,46.447652136647115,23.22382606832357,30.722894090272817,True
650,250,229.335,1.005,-1.005,262.4996399608398,49.89789441711241,24.948947208556223,29.309226369566296,True
650,250,229.335,1.005,0,268.3982324649044,48.393360133119266,24.196680066559633,29.309226369566296,True
650,250,229.335,1.005,1.005,272.1410977950924,46.990934642944545,23.495467321472287,29.309226369566296,True
650,250,304.08000000000004,-1.005,-1.005,273.3423717176754,42.142119272321075,21.071059636160566,37.43339539900403,True
650,250,304.08000000000004,-1.005,0,271.54729980616116,41.13410593958606,20.56705296979303,37.43339539900403,True
650,250,304.08000000000004,-1.005,1.005,269.286919555536,40.18526292732838,20.09263146366422,37.43339539900403,True
650,250,304.08000000000004,0.0,-1.005,274.102636065908,42.744572353501795,21.372286176750897,35.85603295332279,True
650,250,304.08000000000004,0.0,0,272.63522020217385,41.700617056078116,20.850308528039086,35.85603295332279,True
650,250,304.08000000000004,0.0,1.005,270.6238932627517,40.7186682730639,20.359334136531977,35.85603295332279,True
650,250,304.08000000000004,1.005,-1.005,274.64503677974653,43.38649992669399,21.69324996334702,34.26282166902895,True
650,250,304.08000000000004,1.005,0,273.56980026060626,42.30376793326908,21.151883966634568,34.26282166902895,True
650,250,304.08000000000004,1.005,1.005,271.85890117825363,41.286153382505994,20.643076691252997,34.26282166902895,True
650,250,378.82500000000005,-1.005,-1.005,254.5207742775492,36.21608167842746,18.10804083921373,44.42193505130034,True
650,250,378.82500000000005,-1.005,0,251.25631609736843,35.53918415142765,17.76959207571385,44.42193505130034,True
650,250,378.82500000000005,-1.005,1.005,247.9912252372485,34.89766524931402,17.448832624657033,44.42193505130034,True
650,250,378.82500000000005,0.0,-1.005,256.91705972108025,36.741106113823506,18.370553056911753,42.67338953361081,True
650,250,378.82500000000005,0.0,0,253.67323367522113,36.036444752110405,18.018222376055203,42.67338953361081,True
650,250,378.82500000000005,0.0,1.005,250.40581453660047,35.368981249124424,17.684490624562237,42.67338953361081,True
650,250,378.82500000000005,1.005,-1.005,259.3769521033912,37.31108786714969,18.655543933574872,40.894044936282405,True
650,250,378.82500000000005,1.005,0,256.17649030806865,36.57595656147396,18.28797828073698,40.894044936282405,True
650,250,378.82500000000005,1.005,1.005,252.92421990292632,35.88005943971772,17.94002971985886,40.894044936282405,True
650,250,453.57000000000005,-1.005,-1.005,226.07989208220397,31.12655976730648,15.563279883653266,53.70635341506642,True
650,250,453.57000000000005,-1.005,0,223.42507339330655,30.70589001284784,15.35294500642392,53.70635341506642,True
650,250,453.57000000000005,-1.005,1.005,220.87698996164067,30.305638788542623,15.152819394271337,53.70635341506642,True
650,250,453.57000000000005,0.0,-1.005,228.43081472028393,31.503043199951566,15.75152159997581,51.842570980154875,True
650,250,453.57000000000005,0.0,0,225.68711037861635,31.064045364562727,15.532022682281363,51.842570980154875,True
650,250,453.57000000000005,0.0,1.005,223.04765971258485,30.646413520744165,15.323206760372083,51.842570980154875,True
650,250,453.57000000000005,1.005,-1.005,231.01159853332615,31.921569088700508,15.960784544350279,49.92416387988382,True
650,250,453.57000000000005,1.005,0,228.17653855737672,31.462118486383467,15.731059243191734,49.92416387988382,True
650,250,453.57000000000005,1.005,1.005,225.44219044381362,31.02511592181977,15.51255796090991,49.92416387988382,True
650,250,528.315,-1.005,-1.005,201.33256572220716,27.214329544363988,13.607164772182035,65.84758129820769,True
650,250,528.315,-1.005,0,199.99547751772207,26.985961779109832,13.492980889554957,65.84758129820769,True
650,250,528.315,-1.005,1.005,198.76362879996213,26.769562269932145,13.384781134966113,65.84758129820769,True
650,250,528.315,0.0,-1.005,202.4678167640418,27.404145990775525,13.702072995387763,64.0459602159448,True
650,250,528.315,0.0,0,201.04663649549502,27.165974213652113,13.582987106826057,64.0459602159448,True
650,250,528.315,0.0,1.005,199.73144606841424,26.940123781198935,13.470061890599467,64.0459602159448,True
650,250,528.315,1.005,-1.005,203.79512669184624,27.62238696515167,13.811193482575856,62.164097774778824,True
650,250,528.315,1.005,0,202.2806875762235,27.373077569670254,13.68653878483517,62.164097774778824,True
650,250,528.315,1.005,1.005,200.87307425485778,27.136502493271472,13.568251246635779,62.164097774778824,True
650,250,603.0600000000001,-1.005,-1.005,192.00610782480862,24.903523147298493,12.451761573649279,80.77359142501939,True
650,250,603.0600000000001,-1.005,0,192.17886293611537,24.820852372724193,12.410426186362125,80.77359142501939,True
650,250,603.0600000000001,-1.005,1.005,192.45421063291678,24.746317000306824,12.373158500153412,80.77359142501939,True
650,250,603.0600000000001,0.0,-1.005,191.96548786419908,24.938955726855802,12.469477863427901,79.36595443171906,True
650,250,603.0600000000001,0.0,0,192.09738452789043,24.852989197831004,12.426494598915532,79.36595443171906,True
650,250,603.0600000000001,0.0,1.005,192.3315185382712,24.775209537959576,12.387604768979788,79.36595443171906,True
650,250,603.0600000000001,1.005,-1.005,191.93834765523206,24.982921036857768,12.491460518428884,77.88118903843828,True
650,250,603.0600000000001,1.005,0,192.02171724444543,24.892998338443878,12.446499169221969,77.88118903843828,True
650,250,603.0600000000001,1.005,1.005,192.2069391761206,24.8113268058256,12.40566340291283,77.88118903843828,True
650,250,677.8050000000001,-1.005,-1.005,208.42489085385068,25.990841389983835,12.995420694991918,82.95710323476695,True
650,250,677.8050000000001,-1.005,0,210.51632013240487,26.32950057536985,13.16475028768495,82.95710323476695,True
650,250,677.8050000000001,-1.005,1.005,212.75725761684862,26.67907394938125,13.339536974690626,82.95710323476695,True
650,250,677.8050000000001,0.0,-1.005,209.0512250651259,26.093655186811418,13.046827593405734,83.65364553782317,True
650,250,677.8050000000001,0.0,0,211.1879554077459,26.435606637937955,13.217803318968977,83.65364553782317,True
650,250,677.8050000000001,0.0,1.005,213.47591629896897,26.78864004988966,13.39432002494483,83.65364553782317,True
650,250,677.8050000000001,1.005,-1.005,209.65119190682344,26.190995219320634,13.095497609660342,84.36931713991176,True
650,250,677.8050000000001,1.005,0,211.8308808899751,26.53608080168121,13.26804040084063,84.36931713991176,True
650,250,677.8050000000001,1.005,1.005,214.16345479562688,26.89240791590264,13.44620395795132,84.36931713991176,True
650,250,752.5500000000001,-1.005,-1.005,259.6700992658916,32.60093972273107,16.300469861365535,67.72957960378,True
650,250,752.5500000000001,-1.005,0,264.9336839358848,33.18139418533157,16.590697092665785,67.72957960378,True
650,250,752.5500000000001,-1.005,1.005,270.5085198054576,33.78553732049689,16.892768660248446,67.72957960378,True
650,250,752.5500000000001,0.0,-1.005,265.1117932564084,33.20085919907264,16.600429599536355,67.69656144777063,True
650,250,752.5500000000001,0.0,0,270.697172005177,33.80580284232162,16.90290142116081,67.69656144777063,True
650,250,752.5500000000001,0.0,1.005,276.61366311276834,34.43582120254768,17.21791060127384,67.69656144777063,True
650,250,752.5500000000001,1.005,-1.005,271.17708081442106,33.85730513035885,16.928652565179426,67.61284768842943,True
650,250,752.5500000000001,1.005,0,277.12207291790946,34.489475695453656,17.244737847726864,67.61284768842943,True
650,250,752.5500000000001,1.005,1.005,283.42093782796655,35.1482845295305,17.57414226476529,67.61284768842943,True
650,250,827.2950000000001,-1.005,-1.005,353.7198054207229,41.950099970887166,20.975049985443583,55.18103054004159,True
650,250,827.2950000000001,-1.005,0,364.791731660951,42.95269475682219,21.476347378411095,55.18103054004159,True
650,250,827.2950000000001,-1.005,1.005,376.5928171453643,44.00545689078643,22.002728445393213,55.18103054004159,True
650,250,827.2950000000001,0.0,-1.005,370.8564019050482,43.49568432139809,21.747842160699044,54.65649656205729,True
650,250,827.2950000000001,0.0,0,383.0613499449355,44.57599623166709,22.287998115833545,54.65649656205729,True
650,250,827.2950000000001,0.0,1.005,396.0886675440197,45.71190785860123,22.855953929300615,54.65649656205729,True
650,250,827.2950000000001,1.005,-1.005,390.8273854697827,45.2552058745717,22.627602937285893,54.049463246952286,True
650,250,827.2950000000001,1.005,0,404.3846673539265,46.4266072151804,23.2133036075902,54.049463246952286,True
650,250,827.2950000000001,1.005,1.005,418.87956511055563,47.660175544474995,23.830087772237498,54.049463246952286,True
650,250,902.0400000000001,-1.005,-1.005,497.5720460938537,54.06952783721633,27.03476391860821,45.535165587081195,True
650,250,902.0400000000001,-1.005,0,518.9320770380882,55.73782834176654,27.86891417088327,45.535165587081195,True
650,250,902.0400000000001,-1.005,1.005,541.966041359512,57.50757509735567,28.753787548677835,45.535165587081195,True
650,250,902.0400000000001,0.0,-1.005,536.374134643821,57.080612782975116,28.540306391487608,44.767184393851956,True
650,250,902.0400000000001,0.0,0,560.8017719794043,58.93367837722065,29.466839188610376,44.767184393851956,True
650,250,902.0400000000001,0.0,1.005,587.2210104562719,60.9041425765028,30.45207128825145,44.767184393851956,True
650,250,902.0400000000001,1.005,-1.005,583.0161480878269,60.59276156568684,30.29638078284342,43.91689207628063,True
650,250,902.0400000000001,1.005,0,611.286097928758,62.67069062464545,31.335345312322772,43.91689207628063,True
650,250,902.0400000000001,1.005,1.005,641.964621884682,64.88632083725497,32.44316041862753,43.91689207628063,True
650,250,976.7850000000001,-1.005,-1.005,697.3531746577555,68.79230764760389,34.396153823801995,38.272412873979306,True
650,250,976.7850000000001,-1.005,0,735.7191910319507,71.43332988396125,35.716664941980625,38.272412873979306,True
650,250,976.7850000000001,-1.005,1.005,777.6774112010926,74.26680066188368,37.13340033094184,38.272412873979306,True
650,250,976.7850000000001,0.0,-1.005,771.1863218283461,73.83201325936055,36.916006629680275,37.41703657385275,True
650,250,976.7850000000001,0.0,0,816.5524935075682,76.84484955972215,38.422424779861075,37.41703657385275,True
650,250,976.7850000000001,0.0,1.005,866.3965023970304,80.0890695756476,40.0445347878238,37.41703657385275,True
650,250,976.7850000000001,1.005,-1.005,862.2952430524192,79.82459902032487,39.912299510162484,36.49118915335912,True
650,250,976.7850000000001,1.005,0,916.7854025413253,83.30425135553146,41.65212567776579,36.49118915335912,True
650,250,976.7850000000001,1.005,1.005,976.976812798197,87.06701427631776,43.53350713815893,36.49118915335912,True
650,250,1051.53,-1.005,-1.005,958.4134282938776,85.91517229763387,42.95758614881694,32.77043403433156,True
650,250,1051.53,-1.005,0,1023.078932647797,89.89607851178033,44.948039255890215,32.77043403433156,True
650,250,1051.53,-1.005,1.005,1094.892076210488,94.21889250817149,47.109446254085846,32.77043403433156,True
650,250,1051.53,0.0,-1.005,1084.2943776664652,93.58708793637138,46.793543968185745,31.90715624497568,True
650,250,1051.53,0.0,0,1163.0886091865013,98.2368154224677,49.11840771123385,31.90715624497568,True
650,250,1051.53,0.0,1.005,1251.1655149812686,103.31172734908817,51.65586367454409,31.90715624497568,True
650,250,1051.53,1.005,-1.005,1243.3901581340579,102.86860547284284,51.43430273642153,30.98641670098114,True
650,250,1051.53,1.005,0,1341.259131954068,108.38164052828989,54.190820264144946,30.98641670098114,True
650,250,1051.53,1.005,1.005,1451.498085033596,114.43480643814357,57.21740321907189,30.98641670098114,True
650,250,1126.275,-1.005,-1.005,1285.4113681578237,105.25266508526025,52.626332542630124,28.53045655757722,True
650,250,1126.275,-1.005,0,1388.533930774176,110.99680628004491,55.49840314002256,28.53045655757722,True
650,250,1126.275,-1.005,1.005,1504.9141664561266,117.31317944251512,58.65658972125767,28.53045655757722,True
650,250,1126.275,0.0,-1.005,1484.2235638540715,116.2022919980677,58.10114599903395,27.695287794744637,True
650,250,1126.275,0.0,0,1613.3551139833817,123.0557825222449,61.527891261122555,27.695287794744637,True
650,250,1126.275,0.0,1.005,1760.3522310466142,130.64285341702706,65.32142670851363,27.695287794744637,True
650,250,1126.275,1.005,-1.005,1741.2365814371024,129.6682481336371,64.83412406681855,26.813675677172053,True
650,250,1126.275,1.005,0,1906.6412289644595,137.99106411461105,68.99553205730552,26.813675677172053,True
650,250,1126.275,1.005,1.005,2096.8631644164125,147.27821520831728,73.63910760415874,26.813675677172053,True
650,250,1201.02,-1.005,-1.005,1682.3886137107002,126.64575566135052,63.322877830675374,25.19675342120973,True
650,250,1201.02,-1.005,0,1839.2361211938278,134.62889471409667,67.31444735704844,25.19675342120973,True
650,250,1201.02,-1.005,1.005,2019.2103888128186,143.52139701975435,71.76069850987729,25.19675342120973,True
650,250,1201.02,0.0,-1.005,1979.0630895726972,141.56077772226547,70.78038886113274,24.403987657539396,True
650,250,1201.02,0.0,0,2180.4964964996434,151.27441129645413,75.63720564822717,24.403987657539396,True
650,250,1201.02,0.0,1.005,2414.175621586028,162.18701189242688,81.09350594621344,24.403987657539396,True
650,250,1201.02,1.005,-1.005,2371.0179863226513,160.19815626139237,80.09907813069628,23.573425973319434,True
650,250,1201.02,1.005,0,2636.578725575704,172.2609746502853,86.13048732514277,23.573425973319434,True
650,250,1201.02,1.005,1.005,2948.7091730408956,185.95123175016514,92.97561587508257,23.573425973319434,True
650,250,1275.7649999999999,-1.005,-1.005,2152.8360927248395,149.95830399044635,74.97915199522328,22.52360556914664,True
650,250,1275.7649999999999,-1.005,0,2381.9967104291845,160.7051918800294,80.35259594001481,22.52360556914664,True
650,250,1275.7649999999999,-1.005,1.005,2649.434274159692,172.83474648584377,86.41737324292188,22.52360556914664,True
650,250,1275.7649999999999,0.0,-1.005,2576.5029121638854,169.56764691122115,84.78382345561057,21.777252207491436,True
650,250,1275.7649999999999,0.0,0,2877.887208019378,182.88738750845476,91.4436937542275,21.777252207491436,True
650,250,1275.7649999999999,0.0,1.005,3234.3836473615065,198.07903264302706,99.03951632151353,21.777252207491436,True
650,250,1275.7649999999999,1.005,-1.005,3148.204414986143,194.45788693577506,97.22894346788765,20.999752018596993,True
650,250,1275.7649999999999,1.005,0,3556.605388529626,211.35497934765172,105.67748967382597,20.999752018596993,True
650,250,1275.7649999999999,1.005,1.005,4047.380966163724,229.65214016524237,114.82607008262129,20.999752018596993,True
650,250,1350.51,-1.005,-1.005,2699.7528594823434,175.07204474594383,87.53602237297191,20.3412229355802,True
650,250,1350.51,-1.005,0,3023.313809486772,189.15335828704954,94.57667914352477,20.3412229355802,True
650,250,1350.51,-1.005,1.005,3407.451184506941,205.25952669386731,102.62976334693379,20.3412229355802,True
650,250,1350.51,0.0,-1.005,3283.8675628909805,200.1443504062743,100.07217520313725,19.640610493318835,True
650,250,1350.51,0.0,0,3719.1631575561187,217.9061830496828,108.9530915248414,19.640610493318835,True
650,250,1350.51,0.0,1.005,4180.8506167440355,218.30924747037326,109.15462373518675,19.640610493318835,True
650,250,1350.51,1.005,-1.005,4084.2774186130773,227.25292788643117,113.62646394321558,18.913967839260582,True
650,250,1350.51,1.005,0,4128.639321835588,193.96080304266562,96.98040152133292,18.913967839260582,True
650,250,1350.51,1.005,1.005,3256.117109346822,157.3205145260562,78.6602572630281,18.913967839260582,True
650,250,1425.255,-1.005,-1.005,3325.698390278394,201.88251262008308,100.94125631004154,18.530722683529024,True
650,250,1425.255,-1.005,0,3769.3979553243607,219.9121268338442,109.9560634169221,18.530722683529024,True
650,250,1425.255,-1.005,1.005,4201.002814273448,214.88492098021322,107.44246049010661,18.530722683529024,True
650,250,1425.255,0.0,-1.005,4100.137497735279,226.11497955746938,113.05748977873469,17.873190065843637,True
650,250,1425.255,0.0,0,4114.095225072908,192.7236960716964,96.36184803584831,17.873190065843637,True
650,250,1425.255,0.0,1.005,3209.687703422809,155.7966605639461,77.89833028197305,17.873190065843637,True
650,250,1425.255,1.005,-1.005,3607.821490053797,168.5330934383558,84.2665467191779,17.193601725278292,True
650,250,1425.255,1.005,0,2280.6266276147435,125.90762271564475,62.953811357822374,17.193601725278292,True
650,250,1425.255,1.005,1.005,865.0127136386291,78.05936820315482,39.03568902644295,17.193601725278292,True
650,250,1500.0,-1.005,-1.005,4032.83914330677,230.29609017408526,115.14804508704263,17.00736244939245,True
650,250,1500.0,-1.005,0,4164.152140653412,197.51553413409886,98.75776706704953,17.00736244939245,True
650,250,1500.0,-1.005,1.005,3388.9802986510895,161.6757648734501,80.83788243672505,17.00736244939245,True
650,250,1500.0,0.0,-1.005,3804.28398478061,175.82249330037016,87.91124665018519,16.389540334034788,True
650,250,1500.0,0.0,0,2565.051028443275,134.93758044736714,67.46879022368357,16.389540334034788,True
650,250,1500.0,0.0,1.005,1110.8294725442465,88.0063604109916,44.009950329237654,16.389540334034788,True
650,250,1500.0,1.005,-1.005,1633.0075138952816,105.7292965098363,52.87219919406031,15.752789115267857,True
650,250,1500.0,1.005,0,431.6456644076243,55.771940714280355,27.8902607622692,15.752789115267857,True
650,250,1500.0,1.005,1.005,0.007474958656530362,0.23860825787634937,0.11932248532432548,15.752789115267857,True
650,450,5.1,-1.005,-1.005,0.47965772079821123,5.362989141218852,2.681494570609426,35.9169763728363,True
650,450,5.1,-1.005,0,14.495252657765155,29.45478314856669,14.727391574283345,35.9169763728363,True
650,450,5.1,-1.005,1.005,45.41455977619347,47.26864517854414,23.63432258927207,35.9169763728363,True
650,450,5.1,0.0,-1.005,0.45656529612149716,5.232326116840685,2.6161630584203426,34.90666453224765,True
650,450,5.1,0.0,0,14.373192623065913,29.33064488631138,14.66532244315569,34.90666453224765,True
650,450,5.1,0.0,1.005,45.2303546098467,47.27469620010726,23.63734810005363,34.90666453224765,True
650,450,5.1,1.005,-1.005,0.4337597695494155,5.100000000000588,2.550000000000294,33.89628657530152,True
650,450,5.1,1.005,0,14.250107409876207,29.204927868375677,14.602463934187838,33.89628657530152,True
650,450,5.1,1.005,1.005,45.0437083494997,47.28082453111958,23.64041226555979,33.89628657530152,True
650,450,79.845,-1.005,-1.005,90.56663242732162,45.69071564054543,22.845357820272717,39.373598651599146,True
650,450,79.845,-1.005,0,116.7694052941335,44.671433150088504,22.335716575044255,39.373598651599146,True
650,450,79.845,-1.005,1.005,139.447626999992,43.709789662625774,21.854894831312887,39.373598651599146,True
650,450,79.845,0.0,-1.005,88.14157613717092,45.78077490148513,22.89038745074257,38.28258694795683,True
650,450,79.845,0.0,0,114.67266956428874,44.75634879369186,22.378174396845935,38.28258694795683,True
650,450,79.845,0.0,1.005,137.63133531718455,43.78994362919527,21.894971814597643,38.28258694795683,True
650,450,79.845,1.005,-1.005,85.64546640753541,45.87277873988562,22.936389369942813,37.19016756818452,True
650,450,79.845,1.005,0,112.51486491239307,44.843089365723145,22.421544682861576,37.19016756818452,True
650,450,79.845,1.005,1.005,135.7624382968863,43.87181268738275,21.935906343691375,37.19016756818452,True
650,450,154.59,-1.005,-1.005,176.68758005695662,41.91684211563235,20.95842105781618,43.42506368715726,True
650,450,154.59,-1.005,0,191.48223844778713,41.10580543032775,20.552902715163874,43.42506368715726,True
650,450,154.59,-1.005,1.005,204.3749071412956,40.337732906873605,20.168866453436816,43.42506368715726,True
650,450,154.59,0.0,-1.005,173.97591092619246,42.058486173617574,21.029243086808794,42.25007852852179,True
650,450,154.59,0.0,0,189.12133764678225,41.23988344672245,20.61994172336124,42.25007852852179,True
650,450,154.59,0.0,1.005,202.3161275382973,40.4647498272873,20.232374913643664,42.25007852852179,True
650,450,154.59,1.005,-1.005,171.13878839648078,42.204568249470455,21.102284124735245,41.07141974768635,True
650,450,154.59,1.005,0,186.6518891432414,41.37814267081432,20.68907133540716,41.07141974768635,True
650,450,154.59,1.005,1.005,200.16327496892876,40.595710627813816,20.297855313906922,41.07141974768635,True
650,450,229.335,-1.005,-1.005,231.93104508302355,38.43275734062967,19.216378670314853,48.186602676970494,True
650,450,229.335,-1.005,0,239.75141300071374,37.80222188423033,18.901110942115178,48.186602676970494,True
650,450,229.335,-1.005,1.005,246.6219252607496,37.20330318884389,18.601651594421945,48.186602676970494,True
650,450,229.335,0.0,-1.005,229.80517607317813,38.59597789822653,19.29798894911328,46.9297159347381,True
650,450,229.335,0.0,0,237.8860046546501,37.95721059338705,18.978605296693527,46.9297159347381,True
650,450,229.335,0.0,1.005,244.98180541166835,37.35054669312867,18.67527334656435,46.9297159347381,True
650,450,229.335,1.005,-1.005,227.54371520697276,38.76612253748311,19.383061268741557,45.66559779161867,True
650,450,229.335,1.005,0,235.9025599843476,38.118752614668914,19.059376307334457,45.66559779161867,True
650,450,229.335,1.005,1.005,243.23882212759423,37.50399798454914,18.75199899227457,45.66559779161867,True
650,450,304.08000000000004,-1.005,-1.005,265.15442434897045,35.300216593722695,17.650108296861347,53.777078208650025,True
650,450,304.08000000000004,-1.005,0,269.08405884726426,34.824347257405655,17.412173628702856,53.777078208650025,True
650,450,304.08000000000004,-1.005,1.005,272.594555443534,34.37157151826491,17.185785759132454,53.777078208650025,True
650,450,304.08000000000004,0.0,-1.005,263.796006167409,35.45775240170499,17.728876200852522,52.45011840424176,True
650,450,304.08000000000004,0.0,0,267.8738802812543,34.9742234415154,17.487111720757724,52.45011840424176,True
650,450,304.08000000000004,0.0,1.005,271.5117745187822,34.51418049502939,17.257090247514725,52.45011840424176,True
650,450,304.08000000000004,1.005,-1.005,262.32990833472263,35.62403480403713,17.812017402018565,51.11078293826721,True
650,450,304.08000000000004,1.005,0,266.5694341241591,35.13241150563681,17.56620575281843,51.11078293826721,True
650,450,304.08000000000004,1.005,1.005,270.34637893408365,34.66469249834332,17.332346249171685,51.11078293826721,True
650,450,378.82500000000005,-1.005,-1.005,284.61721658997635,32.59545294509822,16.29772647254914,60.2959435332374,True
650,450,378.82500000000005,-1.005,0,286.7189711669125,32.25085806844608,16.12542903422304,60.2959435332374,True
650,450,378.82500000000005,-1.005,1.005,288.6832031089773,31.923191843686084,15.961595921843042,60.2959435332374,True
650,450,378.82500000000005,0.0,-1.005,283.8149980506057,32.72479086217238,16.362395431086217,58.92636602544112,True
650,450,378.82500000000005,0.0,0,285.97394138541586,32.37386900909692,16.18693450454849,58.92636602544112,True
650,450,378.82500000000005,0.0,1.005,287.98477727444356,32.0401464669782,16.02007323348913,58.92636602544112,True
650,450,378.82500000000005,1.005,-1.005,282.945478656349,32.86342006712683,16.431710033563416,57.537800052056454,True
650,450,378.82500000000005,1.005,0,285.16907665933263,32.505730174719716,16.252865087359858,57.537800052056454,True
650,450,378.82500000000005,1.005,1.005,287.23294052547567,32.165532340869866,16.082766170434958,57.537800052056454,True
650,450,453.57000000000005,-1.005,-1.005,298.02113160940485,30.40664773578961,15.203323867894829,67.78177089570924,True
650,450,453.57000000000005,-1.005,0,299.6393925339339,30.173132036807555,15.0865660184038,67.78177089570924,True
650,450,453.57000000000005,-1.005,1.005,301.26696335187626,29.952320690087234,14.976160345043617,67.78177089570924,True
650,450,453.57000000000005,0.0,-1.005,297.44337049604337,30.49312221703677,15.246561108518385,66.41819607466623,True
650,450,453.57000000000005,0.0,0,299.0616468252224,30.25496825108464,15.12748412554232,66.41819607466623,True
650,450,453.57000000000005,0.0,1.005,300.6843586753416,30.029672893991492,15.014836446995746,66.41819607466623,True
650,450,453.57000000000005,1.005,-1.005,296.82235843140234,30.58773978179563,15.293869890897815,65.0286649980554,True
650,450,453.57000000000005,1.005,0,298.44270242679295,30.34454749471142,15.172273747355735,65.0286649980554,True
650,450,453.57000000000005,1.005,1.005,300.0620846666425,30.114383784857583,15.057191892428817,65.0286649980554,True
650,450,528.315,-1.005,-1.005,312.5472387232594,28.824882735923715,14.412441367961879,76.15570230176495,True
650,450,528.315,-1.005,0,314.5851307552093,28.686403444487915,14.343201722244002,76.15570230176495,True
650,450,528.315,-1.005,1.005,316.7177610173603,28.557992582362772,14.278996291181386,76.15570230176495,True
650,450,528.315,0.0,-1.005,311.9908417793499,28.86561328578634,14.432806642893212,74.86847269783564,True
650,450,528.315,0.0,0,314.00362961108476,28.724265579905072,14.36213278995258,74.86847269783564,True
650,450,528.315,0.0,1.005,316.10882060460517,28.593049583060875,14.29652479153048,74.86847269783564,True
650,450,528.315,1.005,-1.005,311.3816450181689,28.911731097780454,14.45586554889027,73.55053918681443,True
650,450,528.315,1.005,0,313.3673800811803,28.767180967239028,14.383590483619514,73.55053918681443,True
650,450,528.315,1.005,1.005,315.4429055389487,28.63283451035521,14.316417255177605,73.55053918681443,True
650,450,603.0600000000001,-1.005,-1.005,334.89039866276516,27.926885418731416,13.963442709365745,85.17434038112607,True
650,450,603.0600000000001,-1.005,0,338.0640526545403,27.872569628056883,13.93628481402848,85.17434038112607,True
650,450,603.0600000000001,-1.005,1.005,341.40447816475626,27.82700943914346,13.913504719571765,85.17434038112607,True
650,450,603.0600000000001,0.0,-1.005,334.5087737314184,27.934221111727325,13.967110555863663,84.04494984792743,True
650,450,603.0600000000001,0.0,0,337.66237311949817,27.878816013427294,13.939408006713684,84.04494984792743,True
650,450,603.0600000000001,0.0,1.005,340.9816948519765,27.832176252009496,13.916088126004784,84.04494984792743,True
650,450,603.0600000000001,1.005,-1.005,334.03892439450374,27.94350530701264,13.971752653506357,82.88571197484532,True
650,450,603.0600000000001,1.005,0,337.1678345344126,27.886747678889183,13.943373839444591,82.88571197484532,True
650,450,603.0600000000001,1.005,1.005,340.46117132240715,27.838767756846984,13.919383878423492,82.88571197484532,True
650,450,677.8050000000001,-1.005,-1.005,371.2912006976926,28.882899101147434,14.441449550573717,85.56292405714146,True
650,450,677.8050000000001,-1.005,0,376.36299128704877,29.37651268125636,14.688256340628215,85.56292405714146,True
650,450,677.8050000000001,-1.005,1.005,381.69707454262107,29.884295989691513,14.94214799484579,85.56292405714146,True
650,450,677.8050000000001,0.0,-1.005,371.8026274736221,28.933181840456594,14.466590920228331,86.46425254482665,True
650,450,677.8050000000001,0.0,0,376.90087806515885,29.428226687776682,14.714113343888375,86.46425254482665,True
650,450,677.8050000000001,0.0,1.005,382.26276712628487,29.937509908563534,14.968754954281767,86.46425254482665,True
650,450,677.8050000000001,1.005,-1.005,372.20958251665843,28.973109456628507,14.486554728314253,87.387142424297,True
650,450,677.8050000000001,1.005,0,377.3288859370732,29.469292779216,14.734646389608034,87.387142424297,True
650,450,677.8050000000001,1.005,1.005,382.7128995265298,29.97976916439728,14.98988458219864,87.387142424297,True
650,450,752.5500000000001,-1.005,-1.005,427.56560659059414,33.8943768281731,16.94718841408655,76.52502302413939,True
650,450,752.5500000000001,-1.005,0,435.5581015396283,34.54402297522745,17.272011487613725,76.52502302413939,True
650,450,752.5500000000001,-1.005,1.005,443.9707066772744,35.215798904886,17.607899452443,76.52502302413939,True
650,450,752.5500000000001,0.0,-1.005,430.44377290901866,34.12966723559847,17.064833617799273,77.16216890961923,True
650,450,752.5500000000001,0.0,0,438.58732690214856,34.787280392203684,17.393640196101842,77.16216890961923,True
650,450,752.5500000000001,0.0,1.005,447.15968662295745,35.46744897419841,17.733724487099206,77.16216890961923,True
650,450,752.5500000000001,1.005,-1.005,433.31411251255304,34.36279484848471,17.181397424242355,77.80703970493701,True
650,450,752.5500000000001,1.005,0,441.6085661546431,35.028355654437945,17.51417782721901,77.80703970493701,True
650,450,752.5500000000001,1.005,1.005,450.3405632340764,35.716898057864015,17.858449028932046,77.80703970493701,True
650,450,827.2950000000001,-1.005,-1.005,509.1324848627555,40.0954193871426,20.04770969357134,68.1177782905753,True
650,450,827.2950000000001,-1.005,0,521.5246967364437,40.97229918947358,20.48614959473683,68.1177782905753,True
650,450,827.2950000000001,-1.005,1.005,534.6098511702285,41.884032532415205,20.942016266207645,68.1177782905753,True
650,450,827.2950000000001,0.0,-1.005,516.7806911582184,40.63821295350663,20.319106476753355,68.49611083462507,True
650,450,827.2950000000001,0.0,0,529.599752313843,41.536592227419824,20.76829611370995,68.49611083462507,True
650,450,827.2950000000001,0.0,1.005,543.1401981792951,42.471089073280105,21.23554453664009,68.49611083462507,True
650,450,827.2950000000001,1.005,-1.005,524.7834256894039,41.200674731742644,20.60033736587136,68.86731210652441,True
650,450,827.2950000000001,1.005,0,538.051956693469,42.12158942161103,21.060794710805556,68.86731210652441,True
650,450,827.2950000000001,1.005,1.005,552.0721627786234,43.0799574166521,21.539978708326093,68.86731210652441,True
650,450,902.0400000000001,-1.005,-1.005,621.0392025235797,47.60787367482094,23.80393683741047,60.59190634076952,True
650,450,902.0400000000001,-1.005,0,639.9465967058841,48.8030488272006,24.4015244136003,60.59190634076952,True
650,450,902.0400000000001,-1.005,1.005,660.0124378058754,50.052786840497056,25.026393420248528,60.59190634076952,True
650,450,902.0400000000001,0.0,-1.005,636.9496064646764,48.614774472699594,24.30738723634984,60.747296710662916,True
650,450,902.0400000000001,0.0,0,656.8307164569733,49.85584899081379,24.92792449540694,60.747296710662916,True
650,450,902.0400000000001,0.0,1.005,677.9450367211793,51.15449763116106,25.57724881558057,60.747296710662916,True
650,450,902.0400000000001,1.005,-1.005,654.0641743400574,49.68424030191384,24.842120150956966,60.88359561198439,True
650,450,902.0400000000001,1.005,0,675.0057952837496,50.97486276086932,25.487431380434707,60.88359561198439,True
650,450,902.0400000000001,1.005,1.005,697.2634211492305,52.32635544603639,26.16317772301824,60.88359561198439,True
650,450,976.7850000000001,-1.005,-1.005,767.9854266906559,56.49775653418779,28.248878267093897,54.03245985591625,True
650,450,976.7850000000001,-1.005,0,796.3250157628536,58.122606602212,29.061303301106,54.03245985591625,True
650,450,976.7850000000001,-1.005,1.005,826.5939980901312,59.831733194060774,29.915866597030433,54.03245985591625,True
650,450,976.7850000000001,0.0,-1.005,796.8845816321,58.15444331982204,29.077221659911068,54.01326390034115,True
650,450,976.7850000000001,0.0,0,827.1920076468641,59.86523827965058,29.93261913982529,54.01326390034115,True
650,450,976.7850000000001,0.0,1.005,859.6015265941751,61.666641282760914,30.833320641380503,54.01326390034115,True
650,450,976.7850000000001,1.005,-1.005,828.6240943572466,59.94543464232588,29.97271732116294,53.96739397449927,True
650,450,976.7850000000001,1.005,0,861.1339018526014,61.75113084241955,30.875565421209775,53.96739397449927,True
650,450,976.7850000000001,1.005,1.005,895.9433879104818,63.654566842369654,31.827283421184873,53.96739397449927,True
650,450,1051.53,-1.005,-1.005,954.3452752353533,66.7841258873223,33.39206294366115,48.404617643540256,True
650,450,1051.53,-1.005,0,995.9870172052906,68.97064885489846,34.48532442744923,48.404617643540256,True
650,450,1051.53,-1.005,1.005,1040.7918348729909,71.28493226997223,35.642466134986215,48.404617643540256,True
650,450,1051.53,0.0,-1.005,1002.327108780546,69.30047848552022,34.65023924276011,48.25782173957214,True
650,450,1051.53,0.0,0,1047.619361209332,71.63428076449323,35.81714038224671,48.25782173957214,True
650,450,1051.53,0.0,1.005,1096.4379315011283,74.1080213722669,37.05401068613355,48.25782173957214,True
650,450,1051.53,1.005,-1.005,1055.9573757103535,72.05976765333314,36.02988382666657,48.0807028321814,True
650,450,1051.53,1.005,0,1105.433478445544,74.55936384664011,37.279681923320055,48.0807028321814,True
650,450,1051.53,1.005,1.005,1158.8637659931137,77.21296390221939,38.60648195110979,48.0807028321814,True
650,450,1126.275,-1.005,-1.005,1184.1879435756164,78.45506902156194,39.22753451078107,43.610516687642566,True
650,450,1126.275,-1.005,0,1244.093559203282,81.3557830268509,40.67789151342545,43.610516687642566,True
650,450,1126.275,-1.005,1.005,1309.069218753295,84.44600928259385,42.223004641296924,43.610516687642566,True
650,450,1126.275,0.0,-1.005,1258.835225101151,82.0618449174901,41.03092245874515,43.375166104001885,True
650,450,1126.275,0.0,0,1325.0772112790673,85.19890258434533,42.59945129217267,43.375166104001885,True
650,450,1126.275,0.0,1.005,1397.0986041577726,88.5473191728345,44.27365958641735,43.375166104001885,True
650,450,1126.275,1.005,-1.005,1343.59006890606,86.0656033131824,43.0328016565912,43.108616074413845,True
650,450,1126.275,1.005,0,1417.2523418076998,89.4733517581084,44.7366758790542,43.108616074413845,True
650,450,1126.275,1.005,1.005,1497.5523087475976,93.11827405525997,46.559137027630086,43.108616074413845,True
650,450,1201.02,-1.005,-1.005,1461.2969238695587,91.48125458153585,45.74062729076803,39.531531865306505,True
650,450,1201.02,-1.005,0,1545.6471553640404,95.26879789623075,47.634398948115376,39.531531865306505,True
650,450,1201.02,-1.005,1.005,1637.9196170229916,99.33108941897574,49.66554470948787,39.531531865306505,True
650,450,1201.02,0.0,-1.005,1571.7921813392186,96.42812409398526,48.21406204699273,39.237387906191216,True
650,450,1201.02,0.0,0,1666.5634803964822,100.57599196331043,50.287995981655214,39.237387906191216,True
650,450,1201.02,0.0,1.005,1770.559988453193,105.03563962568042,52.51781981284021,39.237387906191216,True
650,450,1201.02,1.005,-1.005,1699.0855356410702,101.98058985994479,50.9902949299725,38.912834524181676,True
650,450,1201.02,1.005,0,1806.307151848163,106.5477822326313,53.27389111631575,38.912834524181676,True
650,450,1201.02,1.005,1.005,1924.3706716196157,111.47145019713095,55.73572509856558,38.912834524181676,True
650,450,1275.7649999999999,-1.005,-1.005,1789.1879230201193,105.82490397451474,52.91245198725737,36.052009197923844,True
650,450,1275.7649999999999,-1.005,0,1905.4991717742705,110.69146394063263,55.345731970316315,36.052009197923844,True
650,450,1275.7649999999999,-1.005,1.005,2033.8709609805264,115.94741168042118,57.97370584021069,36.052009197923844,True
650,450,1275.7649999999999,0.0,-1.005,1946.4146889283493,112.37929504532485,56.189647522662526,35.720659548827626,True
650,450,1275.7649999999999,0.0,0,2079.1144138423897,117.77297365654225,58.886486828271124,35.720659548827626,True
650,450,1275.7649999999999,0.0,1.005,2226.1475308904082,123.6159179037986,61.80795895189941,35.720659548827626,True
650,450,1275.7649999999999,1.005,-1.005,2130.0499519649075,119.81231733631121,59.90615866815571,35.360557806427266,True
650,450,1275.7649999999999,1.005,0,2282.7027041178844,125.82871315806385,62.914356579031924,35.360557806427266,True
650,450,1275.7649999999999,1.005,1.005,2452.5771442228543,132.3681091463615,66.18405457318084,35.360557806427266,True
650,450,1350.51,-1.005,-1.005,2171.125576977296,121.4450018945112,60.7225009472557,33.06959140894919,True
650,450,1350.51,-1.005,0,2328.356780946102,127.60166511890607,63.80083255945314,33.06959140894919,True
650,450,1350.51,-1.005,1.005,2503.4899575294294,134.2983651684689,67.14918258423445,33.06959140894919,True
650,450,1350.51,0.0,-1.005,2387.7607700229946,129.89133999923405,64.94566999961712,32.71624778027257,True
650,450,1350.51,0.0,0,2569.8094657567526,136.79331123580386,68.39665561790204,32.71624778027257,True
650,450,1350.51,0.0,1.005,2773.5535624117256,144.3283565094899,72.16417825474505,32.71624778027257,True
650,450,1350.51,1.005,-1.005,2644.1378724003443,139.5643278486533,69.78216392432665,32.3361750366961,True
650,450,1350.51,1.005,0,2856.9523597701555,147.35951477368806,73.67975738684403,32.3361750366961,True
650,450,1350.51,1.005,1.005,3096.3947350573144,155.9045661447959,77.95228307239795,32.3361750366961,True
650,450,1425.255,-1.005,-1.005,2610.139050726353,138.30007302419315,69.15003651209658,30.49800789803644,True
650,450,1425.255,-1.005,0,2818.78959181396,145.97615121539704,72.98807560769852,30.49800789803644,True
650,450,1425.255,-1.005,1.005,3053.386451078124,154.38620062362997,77.19310031181499,30.49800789803644,True
650,450,1425.255,0.0,-1.005,2900.737233122665,148.93919030008163,74.46959515004093,30.133201180753275,True
650,450,1425.255,0.0,0,3139.2138022022154,152.94417793950277,76.47208896975148,30.133201180753275,True
650,450,1425.255,0.0,1.005,2954.1366181099256,127.05781314480579,63.528906572403,30.133201180753275,True
650,450,1425.255,1.005,-1.005,3150.9752409433167,142.99565200887514,71.49782600443757,29.7437669890279,True
650,450,1425.255,1.005,0,2688.7925005760007,116.88938899511642,58.44469449755832,29.7437669890279,True
650,450,1425.255,1.005,1.005,1571.9061029291333,85.49549575190595,42.747747875952975,29.7437669890279,True
650,450,1500.0,-1.005,-1.005,3109.0366059934386,156.34955394387785,78.17477697193893,28.266339594497616,True
650,450,1500.0,-1.005,0,3023.9276173473336,130.78262820238777,65.391314101194,28.266339594497616,True
650,450,1500.0,-1.005,1.005,2214.9875502236246,104.5545823325664,52.2772911662832,28.266339594497616,True
650,450,1500.0,0.0,-1.005,2813.7602221788693,121.16284595401315,60.58142297700668,27.897271030947625,True
650,450,1500.0,0.0,0,1771.6529271717736,91.4077406563214,45.7038703281607,27.897271030947625,True
650,450,1500.0,0.0,1.005,632.9618970117081,54.4352562824508,27.221815718344438,27.897271030947625,True
650,450,1500.0,1.005,-1.005,1289.582292731924,77.18041368304758,38.59501501889712,27.50560428705034,True
650,450,1500.0,1.005,0,331.87778137584246,39.5923994046996,19.79924545315944,27.50560428705034,True
650,450,1500.0,1.005,1.005,0.01374070718884468,0.25783869082361777,0.12893918212156139,27.50560428705034,True
750,100,5.1,-1.005,-1.005,0.5931239978771807,6.631640484631586,3.315820242315793,8.657778005708776,True
750,100,5.1,-1.005,0,154.6279959063191,105.42025007911468,52.71012503955734,8.657778005708776,True
750,100,5.1,-1.005,1.005,468.6355123106134,176.29591876840485,88.14795938420242,8.657778005708776,True
750,100,5.1,0.0,-1.005,0.4642032083532266,5.86750993844095,2.933754969220475,7.64602744511613,True
750,100,5.1,0.0,0,152.91057719490013,104.8428743602149,52.42143718010745,7.64602744511613,True
750,100,5.1,0.0,1.005,466.3605297129547,176.43243759530876,88.21621879765438,7.64602744511613,True
750,100,5.1,1.005,-1.005,0.35062050688255963,5.100000000000133,2.5500000000000664,6.634260755163844,True
750,100,5.1,1.005,0,151.19599723698423,104.26310111266045,52.131550556330225,6.634260755163844,True
750,100,5.1,1.005,1.005,464.06729865580417,176.56949742958764,88.28474871479382,6.634260755163844,True
750,100,79.845,-1.005,-1.005,141.1264540481895,100.7874270763978,50.3937135381989,9.608943552523913,True
750,100,79.845,-1.005,0,450.1342328442429,177.39061171136302,88.69530585568151,9.608943552523913,True
750,100,79.845,-1.005,1.005,687.4193537657704,158.98524038397218,79.49262019198609,9.608943552523913,True
750,100,79.845,0.0,-1.005,113.40376948364083,90.49609511184669,45.24804755592334,8.487009071935868,True
750,100,79.845,0.0,0,409.33087229077546,169.74386231912837,84.87193115956418,8.487009071935868,True
750,100,79.845,0.0,1.005,669.3768502826506,160.92553672269608,80.46276836134805,8.487009071935868,True
750,100,79.845,1.005,-1.005,87.98129910470482,79.84499999999991,39.92249999999996,7.364696574029175,True
750,100,79.845,1.005,0,369.39029711055764,161.46813075632664,80.73406537816332,7.364696574029175,True
750,100,79.845,1.005,1.005,649.2048068577212,162.9209753890225,81.46048769451124,7.364696574029175,True
750,100,154.59,-1.005,-1.005,508.3343207911033,173.8189468232766,86.9094734116383,10.792122253207115,True
750,100,154.59,-1.005,0,711.3197643057157,156.1182890712351,78.05914453561756,10.792122253207115,True
750,100,154.59,-1.005,1.005,785.4723606494723,141.7290725577353,70.86453627886765,10.792122253207115,True
750,100,154.59,0.0,-1.005,423.85252354649424,172.64653451205996,86.32326725602998,9.533932924283047,True
750,100,154.59,0.0,0,676.0735566670176,160.22439423201502,80.11219711600752,9.533932924283047,True
750,100,154.59,0.0,1.005,774.5588433027758,145.09411681282594,72.54705840641299,9.533932924283047,True
750,100,154.59,1.005,-1.005,337.8320964307893,154.58999999999787,77.29499999999894,8.274618553029617,True
750,100,154.59,1.005,0,631.2085115958934,164.57540078846648,82.28770039423325,8.274618553029617,True
750,100,154.59,1.005,1.005,758.949599997732,148.64189446552348,74.32094723276174,8.274618553029617,True
750,100,229.335,-1.005,-1.005,759.511050867583,148.52944626402518,74.2647231320126,12.302489614889305,True
750,100,229.335,-1.005,0,796.3185234561743,135.46609241799612,67.73304620899806,12.302489614889305,True
750,100,229.335,-1.005,1.005,788.7407648575579,124.5500743427106,62.2750371713553,12.302489614889305,True
750,100,229.335,0.0,-1.005,720.7418453768702,154.86750177019232,77.43375088509616,10.871955456200771,True
750,100,229.335,0.0,0,788.0798562659952,140.70073376853645,70.35036688426823,10.871955456200771,True
750,100,229.335,0.0,1.005,795.5614817127166,128.94494715017464,64.47247357508732,10.871955456200771,True
750,100,229.335,1.005,-1.005,660.4886241987723,161.82507729031553,80.91253864515778,9.43876169952165,True
750,100,229.335,1.005,0,769.30781386801,146.4014441004189,73.20072205020945,9.43876169952165,True
750,100,229.335,1.005,1.005,797.2760564468288,133.69959945197795,66.84979972598899,9.43876169952165,True
750,100,304.08000000000004,-1.005,-1.005,789.1187857155969,124.73249037823618,62.366245189118104,14.29421667836631,True
750,100,304.08000000000004,-1.005,0,760.2899914499214,115.45061724583351,57.725308622916785,14.29421667836631,True
750,100,304.08000000000004,-1.005,1.005,721.6443088175063,107.48525337015681,53.742626685078406,14.29421667836631,True
750,100,304.08000000000004,0.0,-1.005,797.271583643816,131.59082010735722,65.79541005367862,12.639774218917115,True
750,100,304.08000000000004,0.0,0,780.6292578810121,121.27848422084264,60.63924211042135,12.639774218917115,True
750,100,304.08000000000004,0.0,1.005,747.3283470701554,112.49707314419545,56.248536572097755,12.639774218917115,True
750,100,304.08000000000004,1.005,-1.005,791.0211151895545,139.34005438839563,69.67002719419783,10.979434197424276,True
750,100,304.08000000000004,1.005,0,794.2593997734546,127.8052316056419,63.90261580282096,10.979434197424276,True
750,100,304.08000000000004,1.005,1.005,770.3171957987314,118.0676982044728,59.03384910223643,10.979434197424276,True
750,100,378.82500000000005,-1.005,-1.005,691.2103024048204,102.38376607801958,51.19188303900979,17.03281033246713,True
750,100,378.82500000000005,-1.005,0,648.7171403716229,96.11685281506524,48.05842640753262,17.03281033246713,True
750,100,378.82500000000005,-1.005,1.005,607.4041584891422,90.59915026031821,45.299575130159134,17.03281033246713,True
750,100,378.82500000000005,0.0,-1.005,730.5998324932915,109.13753475312546,54.56876737656276,15.078313725055278,True
750,100,378.82500000000005,0.0,0,688.8612068623784,102.01558343076474,51.00779171538237,15.078313725055278,True
750,100,378.82500000000005,0.0,1.005,646.3918490287156,95.79386756055243,47.896933780276214,15.078313725055278,True
750,100,378.82500000000005,1.005,-1.005,766.3762150145153,116.99446416932696,58.49723208466348,13.110705122190112,True
750,100,378.82500000000005,1.005,0,728.8957667578203,108.81640806036059,54.40820403018029,13.110705122190112,True
750,100,378.82500000000005,1.005,1.005,687.0658310654278,101.73622222540526,50.86811111270266,13.110705122190112,True
750,100,453.57000000000005,-1.005,-1.005,533.2608793226934,81.50722552895505,40.75361276447755,21.011547255760522,True
750,100,453.57000000000005,-1.005,0,499.4389732579025,77.56826482207191,38.784132411035976,21.011547255760522,True
750,100,453.57000000000005,-1.005,1.005,468.33651792128126,74.01418800682256,37.00709400341131,21.011547255760522,True
750,100,453.57000000000005,0.0,-1.005,583.5997896567485,87.59057592309775,43.79528796154887,18.64170826148847,True
750,100,453.57000000000005,0.0,0,546.0445948316221,83.02302130400994,41.511510652005,18.64170826148847,True
750,100,453.57000000000005,0.0,1.005,511.23144115404034,78.93130297906443,39.46565148953224,18.64170826148847,True
750,100,453.57000000000005,1.005,-1.005,639.796876818102,94.88686583472025,47.44343291736013,16.24128283253124,True
750,100,453.57000000000005,1.005,0,598.8905872867815,89.5111728968531,44.75558644842657,16.24128283253124,True
750,100,453.57000000000005,1.005,1.005,560.3146157884541,84.73660048780529,42.368300243902645,16.24128283253124,True
750,100,528.315,-1.005,-1.005,363.9257407566556,62.27105247400175,31.13552623700093,27.234929941261246,True
750,100,528.315,-1.005,0,344.20839661590617,60.04472704725232,30.022363523626215,27.234929941261246,True
750,100,528.315,-1.005,1.005,326.12027598454597,57.98932390793786,28.99466195396893,27.234929941261246,True
750,100,528.315,0.0,-1.005,407.4841212330757,67.16166844481133,33.5808342224057,24.279683938061172,True
750,100,528.315,0.0,0,384.1091953797795,64.5399035177916,32.26995175889583,24.279683938061172,True
750,100,528.315,0.0,1.005,362.70485513660014,62.13353612141071,31.06676806070541,24.279683938061172,True
750,100,528.315,1.005,-1.005,461.44546559161654,73.2331123329223,36.61655616646115,21.24645132085861,True
750,100,528.315,1.005,0,433.50609327924076,70.08237692055977,35.04118846027991,21.24645132085861,True
750,100,528.315,1.005,1.005,407.92756902845076,67.21139458978011,33.605697294890085,21.24645132085861,True
750,100,603.0600000000001,-1.005,-1.005,218.33787661972838,45.21434783134206,22.60717391567103,37.95036230822057,True
750,100,603.0600000000001,-1.005,0,209.89985021955363,44.152896447466084,22.076448223733042,37.95036230822057,True
750,100,603.0600000000001,-1.005,1.005,202.04580602336227,43.15311125356943,21.576555626784714,37.95036230822057,True
750,100,603.0600000000001,0.0,-1.005,244.42941414761844,48.42443837184685,24.212219185923473,34.23724069560195,True
750,100,603.0600000000001,0.0,0,234.12753156093913,47.168956970009226,23.584478485004613,34.23724069560195,True
750,100,603.0600000000001,0.0,1.005,224.57172720926428,45.99072320445802,22.99536160222906,34.23724069560195,True
750,100,603.0600000000001,1.005,-1.005,279.4493773273316,52.59675796433162,26.298378982165865,30.302171178262974,True
750,100,603.0600000000001,1.005,0,266.5207529733548,51.07180060811438,25.53590030405719,30.302171178262974,True
750,100,603.0600000000001,1.005,1.005,254.57731778828156,49.64762336047653,24.823811680238315,30.302171178262974,True
750,100,677.8050000000001,-1.005,-1.005,121.79548607975676,31.963728565730484,15.981864282865242,58.13556124361721,True
750,100,677.8050000000001,-1.005,0,119.45529550112497,31.596545877847316,15.798272938923695,58.13556124361721,True
750,100,677.8050000000001,-1.005,1.005,117.25116876465927,31.247207827244065,15.623603913622068,58.13556124361721,True
750,100,677.8050000000001,0.0,-1.005,129.5536693761601,33.156530624283135,16.578265312141607,54.17259885249498,True
750,100,677.8050000000001,0.0,0,126.76324466212463,32.73157700301501,16.365788501507545,54.17259885249498,True
750,100,677.8050000000001,0.0,1.005,124.13483738759714,32.32719848406775,16.163599242033914,54.17259885249498,True
750,100,677.8050000000001,1.005,-1.005,140.84517951792077,34.835440676303634,17.41772033815186,49.62466185502423,True
750,100,677.8050000000001,1.005,0,137.39391441739326,34.328728880743846,17.164364440371966,49.62466185502423,True
750,100,677.8050000000001,1.005,1.005,134.14581776576279,33.84681098652045,16.923405493260226,49.62466185502423,True
750,100,752.5500000000001,-1.005,-1.005,92.37136273649503,26.582355173604668,13.291177586802334,87.7631051815784,True
750,100,752.5500000000001,-1.005,0,92.63254002608028,26.710479011361343,13.355239505680672,87.7631051815784,True
750,100,752.5500000000001,-1.005,1.005,92.95137773975512,26.847044027764728,13.423522013882373,87.7631051815784,True
750,100,752.5500000000001,0.0,-1.005,92.42579684080101,26.610796299535092,13.305398149767546,88.53927417985606,True
750,100,752.5500000000001,0.0,0,92.7000411903091,26.740824288223045,13.370412144111523,88.53927417985606,True
750,100,752.5500000000001,0.0,1.005,93.03211271903547,26.8793402991847,13.439670149592361,88.53927417985606,True
750,100,752.5500000000001,1.005,-1.005,92.46198778157759,26.629123309585935,13.314561654792977,89.3986182303894,True
750,100,752.5500000000001,1.005,0,92.74456776409806,26.760368735287436,13.380184367643727,89.3986182303894,True
750,100,752.5500000000001,1.005,1.005,93.08508498793253,26.900132371884443,13.450066185942221,89.3986182303894,True
750,100,827.2950000000001,-1.005,-1.005,142.7862921271162,37.061053194110286,18.530526597055143,55.01926983247973,True
750,100,827.2950000000001,-1.005,0,146.6026926278446,37.70721085778491,18.85360542889249,55.01926983247973,True
750,100,827.2950000000001,-1.005,1.005,150.6660342644618,38.38584398623008,19.19292199311508,55.01926983247973,True
750,100,827.2950000000001,0.0,-1.005,158.2318932507069,39.62591972902093,19.812959864510464,52.29777011613999,True
750,100,827.2950000000001,0.0,0,163.06408603490945,40.403214226859006,20.201607113429542,52.29777011613999,True
750,100,827.2950000000001,0.0,1.005,168.22341470181982,41.221468976517905,20.61073448825899,52.29777011613999,True
750,100,827.2950000000001,1.005,-1.005,181.7799066470634,43.31945955344379,21.65972977672194,48.933785126898684,True
750,100,827.2950000000001,1.005,0,188.2506487423325,44.296734239422086,22.148367119711043,48.933785126898684,True
750,100,827.2950000000001,1.005,1.005,195.19142115887462,45.32923674500352,22.664618372501803,48.933785126898684,True
750,100,902.0400000000001,-1.005,-1.005,281.77118714966855,57.15864723996201,28.57932361998105,36.31975263334974,True
750,100,902.0400000000001,-1.005,0,296.4313856247818,59.01209124007912,29.50604562003956,36.31975263334974,True
750,100,902.0400000000001,-1.005,1.005,312.45050102919686,60.99838632433264,30.49919316216637,36.31975263334974,True
750,100,902.0400000000001,0.0,-1.005,348.6866883049106,65.35702598946061,32.678512994730305,33.333785493164115,True
750,100,902.0400000000001,0.0,0,369.85217717685555,67.82575401033151,33.912877005165754,33.333785493164115,True
750,100,902.0400000000001,0.0,1.005,393.2311955805362,70.49368412975022,35.24684206487511,33.333785493164115,True
750,100,902.0400000000001,1.005,-1.005,457.79703941318076,77.58104862104358,38.79052431052184,29.998736813111368,True
750,100,902.0400000000001,1.005,0,491.1177528531025,81.09836969036529,40.549184845182694,29.998736813111368,True
750,100,902.0400000000001,1.005,1.005,528.5021256729715,84.94603972627174,42.473019863135924,29.998736813111368,True
750,100,976.7850000000001,-1.005,-1.005,515.068534607869,83.57477536555953,41.787387682779766,26.326445703669766,True
750,100,976.7850000000001,-1.005,0,555.4696868672463,87.66260709685498,43.83130354842754,26.326445703669766,True
750,100,976.7850000000001,-1.005,1.005,601.1358483738859,92.16047609577042,46.08023804788521,26.326445703669766,True
750,100,976.7850000000001,0.0,-1.005,682.7536782329698,99.91626981705461,49.958134908527356,23.794901999594657,True
750,100,976.7850000000001,0.0,0,746.3781295121807,105.74345300629561,52.871726503147805,23.794901999594657,True
750,100,976.7850000000001,0.0,1.005,819.7152439643442,112.2547391263637,56.12736956318191,23.794901999594657,True
750,100,976.7850000000001,1.005,-1.005,971.93852628078,125.17635275610839,62.58817637805419,21.089611668570353,True
750,100,976.7850000000001,1.005,0,1083.3286724295576,134.2056355420926,67.10281777104636,21.089611668570353,True
750,100,976.7850000000001,1.005,1.005,1215.4511190619523,144.52643244551896,72.26321622275954,21.089611668570353,True
750,100,1051.53,-1.005,-1.005,846.1758402998048,114.55520913081905,57.277604565409526,20.450775191965842,True
750,100,1051.53,-1.005,0,935.6743049490433,122.16353644693552,61.08176822346782,20.450775191965842,True
750,100,1051.53,-1.005,1.005,1040.583076463552,130.77889011925654,65.38944505962833,20.450775191965842,True
750,100,1051.53,0.0,-1.005,1177.2202117102497,141.57977872914486,70.78988936457247,18.34768688036269,True
750,100,1051.53,0.0,0,1327.7505097145495,153.0115351283531,76.5057675641766,18.34768688036269,True
750,100,1051.53,0.0,1.005,1509.4917885525974,166.26417208323755,83.13208604161878,18.34768688036269,True
750,100,1051.53,1.005,-1.005,1779.043256155519,185.00651782619178,92.50325891309599,16.147723628589123,True
750,100,1051.53,1.005,0,2065.9789438229727,203.9800450217653,101.99002251088277,16.147723628589123,True
750,100,1051.53,1.005,1.005,2428.1572689863915,226.77173860433945,113.38586930216984,16.147723628589123,True
750,100,1126.275,-1.005,-1.005,1276.9022264036885,149.1998889028025,74.59994445140126,16.656984866217385,True
750,100,1126.275,-1.005,0,1447.8720573984301,161.83215874556183,80.91607937278101,16.656984866217385,True
750,100,1126.275,-1.005,1.005,1655.9576031740344,176.5707731084693,88.2853865542347,16.656984866217385,True
750,100,1126.275,0.0,-1.005,1847.1616506745777,189.59427982515732,94.79713991257871,14.88307132060367,True
750,100,1126.275,0.0,0,2151.3962459005124,209.4623122085567,104.73115610427836,14.88307132060367,True
750,100,1126.275,0.0,1.005,2537.150565914333,233.4152697354048,116.7076348677024,14.88307132060367,True
750,100,1126.275,1.005,-1.005,2938.4684999390793,257.1456920885662,128.5728460442832,13.049102374963232,True
750,100,1126.275,1.005,0,3565.1469256816945,292.2780547390725,146.13902736953625,13.049102374963232,True
750,100,1126.275,1.005,1.005,4412.036618103251,336.86583861659454,168.4329193082974,13.049102374963232,True
750,100,1201.02,-1.005,-1.005,1807.7881990281057,186.94922940345904,93.47461470172956,14.02636341254005,True
750,100,1201.02,-1.005,0,2101.9801396427356,206.29929252375538,103.14964626187769,14.02636341254005,True
750,100,1201.02,-1.005,1.005,2474.030738086287,229.5790957458999,114.78954787295007,14.02636341254005,True
750,100,1201.02,0.0,-1.005,2706.320071776563,243.552051284537,121.7760256422685,12.501365013311304,True
750,100,1201.02,0.0,0,3257.6467827057804,275.301718824185,137.6508594120925,12.501365013311304,True
750,100,1201.02,0.0,1.005,3993.486946287134,315.19274205586,157.59637102793,12.501365013311304,True
750,100,1201.02,1.005,-1.005,4515.360168888925,342.1178792462307,171.05893962311546,10.935974465190931,True
750,100,1201.02,1.005,0,5479.927106634605,341.1694615309549,170.58473076547745,10.935974465190931,True
750,100,1201.02,1.005,1.005,5539.886306363247,302.89325186133385,151.44662593066704,10.935974465190931,True
750,100,1275.7649999999999,-1.005,-1.005,2438.4242078451425,227.40149376349703,113.70074688174851,12.102529022031279,True
750,100,1275.7649999999999,-1.005,0,2907.191166511582,255.33431762431732,127.66715881215877,12.102529022031279,True
750,100,1275.7649999999999,-1.005,1.005,3523.5158794425624,290.0069940398892,145.0034970199446,12.102529022031279,True
750,100,1275.7649999999999,0.0,-1.005,3767.4167289224442,303.1984343205475,151.59921716027375,10.768973675179332,True
750,100,1275.7649999999999,0.0,0,4690.406524044591,350.9331322798555,175.46656613992775,10.768973675179332,True
750,100,1275.7649999999999,0.0,1.005,5566.285654526164,335.24791761617433,167.62395880808717,10.768973675179332,True
750,100,1275.7649999999999,1.005,-1.005,5654.083613631321,322.00924402177856,161.00462201088936,9.406523091780171,True
750,100,1275.7649999999999,1.005,0,5075.450670971726,279.7478695538376,139.8739347769189,9.406523091780171,True
750,100,1275.7649999999999,1.005,1.005,3749.8504301839057,226.865875697063,113.43293784853161,9.406523091780171,True
750,100,1350.51,-1.005,-1.005,3167.693669867929,270.24312719797564,135.12156359898793,10.63740975246544,True
750,100,1350.51,-1.005,0,3872.130022841222,308.7807531157158,154.3903765578579,10.63740975246544,True
750,100,1350.51,-1.005,1.005,4835.448533937091,358.1619608342733,179.08098041713666,10.63740975246544,True
750,100,1350.51,0.0,-1.005,5035.648605465394,358.89192768931326,179.44596384465675,9.454431207780706,True
750,100,1350.51,0.0,0,5650.383832808131,323.8299937668589,161.91499688342955,9.454431207780706,True
750,100,1350.51,0.0,1.005,5128.691746206789,282.02987709361,141.014938546805,9.454431207780706,True
750,100,1350.51,1.005,-1.005,4901.598245930156,272.38867270122023,136.19433635061023,8.24977985072717,True
750,100,1350.51,1.005,0,3507.884110729683,217.9390497049114,108.9695248524558,8.24977985072717,True
750,100,1350.51,1.005,1.005,1620.9385900058187,150.90248976424118,75.46285345817755,8.24977985072717,True
750,100,1425.255,-1.005,-1.005,3993.9591598726056,315.21757418582985,157.60878709291492,9.48580958280941,True
750,100,1425.255,-1.005,0,5001.661149180192,359.8984349403705,179.94921747018526,9.48580958280941,True
750,100,1425.255,-1.005,1.005,5646.56699768295,325.01456413803544,162.50728206901772,9.48580958280941,True
750,100,1425.255,0.0,-1.005,5652.6825992488575,322.85894633761933,161.42947316880966,8.423832371858534,True
750,100,1425.255,0.0,0,5100.339183522188,280.8129585181031,140.40647925905165,8.423832371858534,True
750,100,1425.255,0.0,1.005,3784.348860232014,228.15522920770027,114.07761460385014,8.423832371858534,True
750,100,1425.255,1.005,-1.005,3669.1176002157154,223.86492497963712,111.93246248981868,7.3449855124007755,True
750,100,1425.255,1.005,0,1804.4837593256598,158.28323261811093,79.15379266841971,7.3449855124007755,True
750,100,1425.255,1.005,1.005,361.482767284062,75.42554198985536,37.718573305695266,7.3449855124007755,True
750,100,1500.0,-1.005,-1.005,4915.205527727714,362.10898664012666,181.05449332006344,8.557516189634384,True
750,100,1500.0,-1.005,0,5632.669034056189,327.88412453516105,163.94206226758052,8.557516189634384,True
750,100,1500.0,-1.005,1.005,5246.029359975699,287.1016731158636,143.5508365579318,8.557516189634384,True
750,100,1500.0,0.0,-1.005,5289.56201324006,288.96058775905806,144.48029387952903,7.594643368591445,True
750,100,1500.0,0.0,0,4047.109017964125,238.11690667656444,119.05845333828233,7.594643368591445,True
750,100,1500.0,0.0,1.005,2294.61164910144,175.94885308631495,87.98796187743976,7.594643368591445,True
750,100,1500.0,1.005,-1.005,2353.625091085625,177.9097213539002,88.96831139886909,6.618244933131954,True
750,100,1500.0,1.005,0,665.5099426819506,100.49470620136357,50.255083923692666,6.618244933131954,True
750,100,1500.0,1.005,1.005,0.0030835594589007087,0.2318592989224993,0.11594748726076579,6.618244933131954,True
750,250,5.1,-1.005,-1.005,0.5064310620152905,5.662338306248429,2.8311691531242147,19.563717243697468,True
750,250,5.1,-1.005,0,38.03841211743401,48.93164067144221,24.465820335721105,19.563717243697468,True
750,250,5.1,-1.005,1.005,122.89917590570478,82.80711195066003,41.403555975330015,19.563717243697468,True
750,250,5.1,0.0,-1.005,0.4575267297077462,5.382102931803136,2.691051465901568,18.552551779077177,True
750,250,5.1,0.0,0,37.64691851576093,48.68000752306958,24.34000376153479,18.552551779077177,True
750,250,5.1,0.0,1.005,122.30685901339223,82.83219435452824,41.41609717726413,18.552551779077177,True
750,250,5.1,1.005,-1.005,0.4108057201010892,5.100000000000132,2.550000000000066,17.541349461685055,True
750,250,5.1,1.005,0,37.25488996467966,48.42670742698854,24.21335371349427,17.541349461685055,True
750,250,5.1,1.005,1.005,121.70984059120585,82.85744298773935,41.42872149386967,17.541349461685055,True
750,250,79.845,-1.005,-1.005,122.31343471323521,82.83191607671547,41.415958038357736,21.56762016031434,True
750,250,79.845,-1.005,0,205.13666717723268,78.94627615821209,39.47313807910605,21.56762016031434,True
750,250,79.845,-1.005,1.005,265.3085527280016,75.43101919969713,37.71550959984857,21.56762016031434,True
750,250,79.845,0.0,-1.005,112.07867750363019,83.26028980325069,41.63014490162534,20.457930966744318,True
750,250,79.845,0.0,0,197.68487169272666,79.33281918727744,39.66640959363872,20.457930966744318,True
750,250,79.845,0.0,1.005,259.9092124523076,75.78144813733316,37.89072406866658,20.457930966744318,True
750,250,79.845,1.005,-1.005,101.70526046935177,79.84499999999991,39.92249999999996,19.347410154981667,True
750,250,79.845,1.005,0,189.91926130244468,79.72655294269516,39.86327647134758,19.347410154981667,True
750,250,79.845,1.005,1.005,254.27840805560166,76.13822957517405,38.069114787587026,19.347410154981667,True
750,250,154.59,-1.005,-1.005,285.4070677373002,74.04514605363948,37.02257302681974,24.002130845136826,True
750,250,154.59,-1.005,0,323.0621893890543,70.97372127487209,35.48686063743606,24.002130845136826,True
750,250,154.59,-1.005,1.005,349.6258377194056,68.16709319291964,34.08354659645982,24.002130845136826,True
750,250,154.59,0.0,-1.005,275.3100273253972,74.75849786462918,37.37924893231459,22.77649953944188,True
750,250,154.59,0.0,0,315.85809590812903,71.62409934043039,35.8120496702152,22.77649953944188,True
750,250,154.59,0.0,1.005,344.5923415548132,68.76226060000991,34.38113030000497,22.77649953944188,True
750,250,154.59,1.005,-1.005,264.3367720376449,75.49471452958586,37.74735726479293,21.548513543944797,True
750,250,154.59,1.005,0,308.0025129118575,72.29474232433753,36.14737116216877,21.548513543944797,True
750,250,154.59,1.005,1.005,339.0730480239357,69.37548825217719,34.687744126088596,21.548513543944797,True
750,250,229.335,-1.005,-1.005,367.7430925928214,65.61010433500302,32.80505216750151,27.010329887132553,True
750,250,229.335,-1.005,0,379.6926037681113,63.241121995003326,31.620560997501663,27.010329887132553,True
750,250,229.335,-1.005,1.005,386.85935197058836,61.05538141892652,30.52769070946329,27.010329887132553,True
750,250,229.335,0.0,-1.005,362.0694839313078,66.500199546117,33.250099773058515,25.648231908077793,True
750,250,229.335,0.0,0,376.0647146748582,64.06077412249155,32.030387061245776,25.648231908077793,True
750,250,229.335,0.0,1.005,384.78111517731855,61.81233106691298,30.906165533456505,25.648231908077793,True
750,250,229.335,1.005,-1.005,355.4180286863536,67.43098980133352,33.71549490066678,24.280936122498,True
750,250,229.335,1.005,0,371.7064693122029,64.91697006491421,32.45848503245712,24.280936122498,True
750,250,229.335,1.005,1.005,382.1592367524486,62.60224030336914,31.30112015168457,24.280936122498,True
750,250,304.08000000000004,-1.005,-1.005,391.22433420880157,57.57940494214033,28.789702471070193,30.797828634928702,True
750,250,304.08000000000004,-1.005,0,390.3861379966378,55.80661025134129,27.903305125670673,30.797828634928702,True
750,250,304.08000000000004,-1.005,1.005,387.8916182377204,54.15588310627301,27.07794155313653,30.797828634928702,True
750,250,304.08000000000004,0.0,-1.005,390.837584015615,58.54154162810308,29.27077081405154,29.276676276334324,True
750,250,304.08000000000004,0.0,0,391.0548768798551,56.70105576385976,28.35052788192991,29.276676276334324,True
750,250,304.08000000000004,0.0,1.005,389.3507808196755,54.98917093196935,27.494585465984674,29.276676276334324,True
750,250,304.08000000000004,1.005,-1.005,389.75173596961554,59.56192912337168,29.780964561685867,27.745077834865373,True
750,250,304.08000000000004,1.005,0,391.2167194286384,57.64854346464799,28.824271732323997,27.745077834865373,True
750,250,304.08000000000004,1.005,1.005,390.45057892667216,55.87091839757191,27.935459198785956,27.745077834865373,True
750,250,378.82500000000005,-1.005,-1.005,375.14139701606996,50.037590864297385,25.018795432148693,35.662243351128424,True
750,250,378.82500000000005,-1.005,0,369.4794273386458,48.76039394809361,24.380196974046832,35.662243351128424,True
750,250,378.82500000000005,-1.005,1.005,363.5019747810634,47.5610430794085,23.780521539704278,35.662243351128424,True
750,250,378.82500000000005,0.0,-1.005,378.79233017279876,50.97077407205084,25.48538703602542,33.961714652044726,True
750,250,378.82500000000005,0.0,0,373.44038655539816,49.63559647086209,24.817798235431045,33.961714652044726,True
750,250,378.82500000000005,0.0,1.005,367.6659572730632,48.38308889208917,24.191544446044585,33.961714652044726,True
750,250,378.82500000000005,1.005,-1.005,382.2420088152975,51.97602300901769,25.988011504508872,32.24115044683058,True
750,250,378.82500000000005,1.005,0,377.3045958376863,50.57733893794023,25.288669468970145,32.24115044683058,True
750,250,378.82500000000005,1.005,1.005,371.81342530205984,49.26672025119513,24.633360125597566,32.24115044683058,True
750,250,453.57000000000005,-1.005,-1.005,336.489634006012,43.12123798529338,21.56061899264669,42.028341672654996,True
750,250,453.57000000000005,-1.005,0,330.37465372111956,42.24525986479419,21.12262993239712,42.028341672654996,True
750,250,453.57000000000005,-1.005,1.005,324.38869450130346,41.416651621705114,20.708325810852582,42.028341672654996,True
750,250,453.57000000000005,0.0,-1.005,341.9263369781477,43.93003705966047,21.96501852983026,40.143259983496094,True
750,250,453.57000000000005,0.0,0,335.72350883786316,43.00966075219115,21.504830376095576,40.143259983496094,True
750,250,453.57000000000005,0.0,1.005,329.62305624229566,42.139757374714065,21.06987868735706,40.143259983496094,True
750,250,453.57000000000005,1.005,-1.005,347.64292610974303,44.81728557595462,22.408642787977335,38.22112696181264,True
750,250,453.57000000000005,1.005,0,341.3808699379965,43.84745888012449,21.923729440062246,38.22112696181264,True
750,250,453.57000000000005,1.005,1.005,335.185570764007,42.9316451215224,21.4658225607612,38.22112696181264,True
750,250,528.315,-1.005,-1.005,290.2437495085319,37.04982320659341,18.524911603296754,50.46263006870794,True
750,250,528.315,-1.005,0,285.6184790833104,36.48827525872678,18.24413762936339,50.46263006870794,True
750,250,528.315,-1.005,1.005,281.19070620459024,35.95439212776905,17.977196063884524,50.46263006870794,True
750,250,528.315,0.0,-1.005,295.15232591767244,37.65113580129127,18.825567900645684,48.43531274187874,True
750,250,528.315,0.0,0,290.3251864961908,37.05975131780168,18.529875658900888,48.43531274187874,True
750,250,528.315,0.0,1.005,285.6965013757076,36.49771260157335,18.24885630078672,48.43531274187874,True
750,250,528.315,1.005,-1.005,300.59579872472614,38.32583667169874,19.162918335849394,46.343402061435086,True
750,250,528.315,1.005,0,295.55449882996936,37.70068283046697,18.850341415233533,46.343402061435086,True
750,250,528.315,1.005,1.005,290.7111811122536,37.10682930053089,18.553414650265445,46.343402061435086,True
750,250,603.0600000000001,-1.005,-1.005,249.59633401108567,32.16123867781844,16.08061933890922,61.57081319311483,True
750,250,603.0600000000001,-1.005,0,246.97366371560292,31.83799524248074,15.918997621240411,61.57081319311483,True
750,250,603.0600000000001,-1.005,1.005,244.50901170189763,31.530789142873363,15.765394571436682,61.57081319311483,True
750,250,603.0600000000001,0.0,-1.005,252.39830323132446,32.503338874380994,16.25166943719054,59.55469102658415,True
750,250,603.0600000000001,0.0,0,249.61280253256928,32.16325832645794,16.08162916322897,59.55469102658415,True
750,250,603.0600000000001,0.0,1.005,246.9891580869903,31.839915116827026,15.919957558413513,59.55469102658415,True
750,250,603.0600000000001,1.005,-1.005,255.6657464134969,32.89907260700672,16.449536303503407,57.44032477837225,True
750,250,603.0600000000001,1.005,0,252.69700342248098,32.53964414928877,16.269822074644384,57.44032477837225,True
750,250,603.0600000000001,1.005,1.005,249.89447052960986,32.19778348206311,16.098891741031597,57.44032477837225,True
750,250,677.8050000000001,-1.005,-1.005,226.16559357579854,28.910050247749826,14.455025123874947,75.5718254833847,True
750,250,677.8050000000001,-1.005,0,225.48415218599575,28.765616024093852,14.382808012046926,75.5718254833847,True
750,250,677.8050000000001,-1.005,1.005,224.92789002418021,28.63138284537834,14.31569142268917,75.5718254833847,True
750,250,677.8050000000001,0.0,-1.005,226.69358400746705,29.012825798675127,14.506412899337564,73.89234023826657,True
750,250,677.8050000000001,0.0,0,225.92762037354305,28.86140975992083,14.430704879960446,73.89234023826657,True
750,250,677.8050000000001,0.0,1.005,225.28743879568992,28.720356300534103,14.360178150267082,73.89234023826657,True
750,250,677.8050000000001,1.005,-1.005,227.37777748152575,29.138063625484847,14.569031812742423,72.10481372713652,True
750,250,677.8050000000001,1.005,0,226.51313297712886,28.97840142213097,14.489200711065518,72.10481372713652,True
750,250,677.8050000000001,1.005,1.005,225.77509917739917,28.8293008050272,14.414650402513631,72.10481372713652,True
750,250,752.5500000000001,-1.005,-1.005,230.1766873952056,27.729323946617995,13.86963842379247,88.46510775990109,True
750,250,752.5500000000001,-1.005,0,231.53431587924024,27.900744066585965,13.950372033292982,88.46510775990109,True
750,250,752.5500000000001,-1.005,1.005,233.03597828256898,28.20231960450343,14.101159802251715,88.46510775990109,True
750,250,752.5500000000001,0.0,-1.005,230.2466793415906,27.729117754933313,13.86989510908695,89.41560331528144,True
750,250,752.5500000000001,0.0,0,231.61203026294243,27.916861249432184,13.958430624716092,89.41560331528144,True
750,250,752.5500000000001,0.0,1.005,233.121606736172,28.218944953499125,14.10947247674958,89.41560331528144,True
750,250,752.5500000000001,1.005,-1.005,230.25256018909022,27.729101624661983,13.869917747269108,89.58396161114128,True
750,250,752.5500000000001,1.005,0,231.61855833824666,27.918212337603904,13.959106168801972,89.58396161114128,True
750,250,752.5500000000001,1.005,1.005,233.12879813732434,28.22033866319192,14.11016933159596,89.58396161114128,True
750,250,827.2950000000001,-1.005,-1.005,270.6203881766505,33.5091840223506,16.754592011175333,72.73103277196878,True
750,250,827.2950000000001,-1.005,0,274.9029600082795,34.00946434260072,17.00473217130036,72.73103277196878,True
750,250,827.2950000000001,-1.005,1.005,279.44731760278046,34.52916329199057,17.264581645995285,72.73103277196878,True
750,250,827.2950000000001,0.0,-1.005,274.5159372964754,33.96469267337264,16.98234633668632,72.81943711315263,True
750,250,827.2950000000001,0.0,0,279.0367286009523,34.482643942283865,17.241321971141932,72.81943711315263,True
750,250,827.2950000000001,0.0,1.005,283.8318684549495,35.02093067692682,17.510465338463437,72.81943711315263,True
750,250,827.2950000000001,1.005,-1.005,278.84207160273763,34.460560269368074,17.230280134684037,72.86150950779823,True
750,250,827.2950000000001,1.005,0,283.6254363975222,34.99797476514899,17.49898738257453,72.86150950779823,True
750,250,827.2950000000001,1.005,1.005,288.69737758080464,35.55674581505082,17.77837290752541,72.86150950779823,True
750,250,902.0400000000001,-1.005,-1.005,355.3922025009115,42.22008113324565,21.110040566622825,59.24959025925257,True
750,250,902.0400000000001,-1.005,0,364.8126324003024,43.091018681496614,21.545509340748307,59.24959025925257,True
750,250,902.0400000000001,-1.005,1.005,374.82245209989196,44.00265902014734,22.00132951007371,59.24959025925257,True
750,250,902.0400000000001,0.0,-1.005,370.27371965539896,43.5900725899732,21.7950362949866,58.69370602132153,True
750,250,902.0400000000001,0.0,0,380.62795612105674,44.52532538844941,22.262662694224744,58.69370602132153,True
750,250,902.0400000000001,0.0,1.005,391.6409219070829,45.50539415177559,22.752697075887795,58.69370602132153,True
750,250,902.0400000000001,1.005,-1.005,387.76530803196965,45.16214649103655,22.581073245518276,58.035311334347924,True
750,250,902.0400000000001,1.005,0,399.23680418430285,46.173150596306705,23.086575298153353,58.035311334347924,True
750,250,902.0400000000001,1.005,1.005,411.4530594495982,47.233961851395726,23.616980925697863,58.035311334347924,True
750,250,976.7850000000001,-1.005,-1.005,491.4146091795046,53.84569094858688,26.922845474293485,48.6837830539374,True
750,250,976.7850000000001,-1.005,0,509.97470989306476,55.31178402345051,27.6558920117253,48.6837830539374,True
750,250,976.7850000000001,-1.005,1.005,529.8896690286274,56.8607070981052,28.430353549052647,48.6837830539374,True
750,250,976.7850000000001,0.0,-1.005,527.6648024391343,56.68885096759139,28.344425483795746,47.78757064494322,True
750,250,976.7850000000001,0.0,0,548.8949209450539,58.31711967836227,29.15855983918118,47.78757064494322,True
750,250,976.7850000000001,0.0,1.005,571.7337152980726,60.04112493505158,30.02056246752584,47.78757064494322,True
750,250,976.7850000000001,1.005,-1.005,571.7442412410528,60.0419132029338,30.020956601466946,46.78212419255267,True
750,250,976.7850000000001,1.005,0,596.3508950760315,61.86957785768206,30.93478892884103,46.78212419255267,True
750,250,976.7850000000001,1.005,1.005,622.903030703983,63.80958618926665,31.904793094633373,46.78212419255267,True
750,250,1051.53,-1.005,-1.005,684.7446747077684,68.21130272344368,34.10565136172184,40.68802218901255,True
750,250,1051.53,-1.005,0,718.6306845195795,70.56077674200989,35.28038837100499,40.68802218901255,True
750,250,1051.53,-1.005,1.005,755.4664690445716,73.06956871497853,36.534784357489265,40.68802218901255,True
750,250,1051.53,0.0,-1.005,756.2596066812694,73.12309586799236,36.56154793399618,39.66229354742069,True
750,250,1051.53,0.0,0,796.4575337061506,75.81025655498003,37.905128277490064,39.66229354742069,True
750,250,1051.53,0.0,1.005,840.345273422925,78.68959564359113,39.34479782179557,39.66229354742069,True
750,250,1051.53,1.005,-1.005,845.6402063095738,79.03334826449078,39.51667413224539,38.54190207346024,True
750,250,1051.53,1.005,0,894.1766252371053,82.15002546417902,41.07501273208961,38.54190207346024,True
750,250,1051.53,1.005,1.005,947.4412787206475,85.5032041461457,42.75160207307295,38.54190207346024,True
750,250,1126.275,-1.005,-1.005,940.6689715887642,85.08056300353445,42.540281501767325,34.64453032503862,True
750,250,1126.275,-1.005,0,998.5900247254885,88.66231975764768,44.33115987882394,34.64453032503862,True
750,250,1126.275,-1.005,1.005,1062.4813569509515,92.53151146845696,46.265755734228584,34.64453032503862,True
750,250,1126.275,0.0,-1.005,1065.1027951948072,92.68853828940429,46.344269144702146,33.60036843713069,True
750,250,1126.275,0.0,0,1136.0745840917662,96.89128428686152,48.44564214343087,33.60036843713069,True
750,250,1126.275,0.0,1.005,1214.8575655149289,101.45384484264359,50.726922421321795,33.60036843713069,True
750,250,1126.275,1.005,-1.005,1224.490910348355,102.00479891355381,51.00239945677691,32.47952859981973,True
750,250,1126.275,1.005,0,1313.3616794186491,107.02093489793957,53.510467448969784,32.47952859981973,True
750,250,1126.275,1.005,1.005,1412.756199454563,112.49858529614377,56.249292648071886,32.47952859981973,True
750,250,1201.02,-1.005,-1.005,1263.7874458582173,104.23736160411742,52.11868080205871,30.01146286928013,True
750,250,1201.02,-1.005,0,1357.264945730718,109.45689503878435,54.728447519392176,30.01146286928013,True
750,250,1201.02,-1.005,1.005,1461.9960453985059,115.16451293239913,57.582256466199674,30.01146286928013,True
750,250,1201.02,0.0,-1.005,1462.757709474863,115.20551463106696,57.60275731553359,28.999565771946028,True
750,250,1201.02,0.0,0,1580.6724913555154,121.47078150186717,60.73539075093358,28.999565771946028,True
750,250,1201.02,0.0,1.005,1713.9065242587349,128.3674004637759,64.18370023188795,28.999565771946028,True
750,250,1201.02,1.005,-1.005,1723.5482562999478,128.85951410376646,64.42975705188323,27.926498691017752,True
750,250,1201.02,1.005,0,1876.1348363758298,136.53175126017277,68.2658756300865,27.926498691017752,True
750,250,1201.02,1.005,1.005,2050.304229142983,145.044284330979,72.5221421654895,27.926498691017752,True
750,250,1275.7649999999999,-1.005,-1.005,1658.087645108315,125.50030868976947,62.75015434488484,26.390490386483243,True
750,250,1275.7649999999999,-1.005,0,1801.7023870319736,132.81579095544768,66.40789547772394,26.390490386483243,True
750,250,1275.7649999999999,-1.005,1.005,1965.2281667731786,140.91693585661457,70.45846792830739,26.390490386483243,True
750,250,1275.7649999999999,0.0,-1.005,1957.3470671672712,140.53167978966988,70.26583989483504,25.43097591907203,True
750,250,1275.7649999999999,0.0,0,2143.3747656189807,149.49619040434877,74.7480952021745,25.43097591907203,True
750,250,1275.7649999999999,0.0,1.005,2357.500482899255,159.50767990475325,79.75383995237662,25.43097591907203,True
750,250,1275.7649999999999,1.005,-1.005,2358.3171828299946,159.54528639278578,79.77264319639299,24.422408086189,True
750,250,1275.7649999999999,1.005,0,2606.4644210459555,170.78542083977464,85.39271041988732,24.422408086189,True
750,250,1275.7649999999999,1.005,1.005,2895.8619287994334,183.46727476301166,91.73363738150594,24.422408086189,True
750,250,1350.51,-1.005,-1.005,2127.010520015534,148.71805054145963,74.35902527072993,23.504008085187664,True
750,250,1350.51,-1.005,0,2338.613463273987,158.63681211436685,79.31840605718342,23.504008085187664,True
750,250,1350.51,-1.005,1.005,2583.574591977971,169.76351287939127,84.88175643969574,23.504008085187664,True
750,250,1350.51,0.0,-1.005,2556.5902935914746,168.55505350812425,84.27752675406212,22.602587019944608,True
750,250,1350.51,0.0,0,2837.5323221760973,180.9452347289182,90.47261736445921,22.602587019944608,True
750,250,1350.51,0.0,1.005,3167.1514801911035,194.9903008626206,97.49515043131039,22.602587019944608,True
750,250,1350.51,1.005,-1.005,3144.5957299344627,194.04464223265958,97.02232111632979,21.661323147992306,True
750,250,1350.51,1.005,0,3424.012151268098,185.61201060085278,92.80600530042649,21.661323147992306,True
750,250,1350.51,1.005,1.005,3146.324979209514,157.82749757827048,78.91374878913535,21.661323147992306,True
750,250,1425.255,-1.005,-1.005,2673.5088445816473,173.7621071805631,86.88105359028155,21.160175434040838,True
750,250,1425.255,-1.005,0,2974.400626725652,186.83750871256032,93.41875435628027,21.160175434040838,True
750,250,1425.255,-1.005,1.005,3327.108096999531,198.82061159369474,99.41030579684737,21.160175434040838,True
750,250,1425.255,0.0,-1.005,3267.8378197023612,199.1856374362817,99.59281871814096,20.31608950921805,True
750,250,1425.255,0.0,0,3402.8249053557756,176.42133601963513,88.21066800981757,20.31608950921805,True
750,250,1425.255,0.0,1.005,2898.0926404094316,147.99057135686627,73.99528567843313,20.31608950921805,True
750,250,1425.255,1.005,-1.005,3001.20122284842,151.7179940343397,75.85899701716986,19.439154027825833,True
750,250,1425.255,1.005,0,2060.5718840836053,117.37996344728334,58.68998172364167,19.439154027825833,True
750,250,1425.255,1.005,1.005,985.853995860416,79.01889163296062,39.51552455524234,19.439154027825833,True
750,250,1500.0,-1.005,-1.005,3300.0991579018537,200.521096915967,100.2605484579835,19.225155393788363,True
750,250,1500.0,-1.005,0,3385.982732446926,174.06508481944016,87.03254240972008,19.225155393788363,True
750,250,1500.0,-1.005,1.005,2822.224621600726,145.4729976678709,72.73649883393556,19.225155393788363,True
750,250,1500.0,0.0,-1.005,3001.804311573931,151.7410347224389,75.87051736121956,18.434948822922006,True
750,250,1500.0,0.0,0,2061.375142816898,117.40908465230517,58.704542326152584,18.434948822922006,True
750,250,1500.0,0.0,1.005,986.6774119660477,79.0505134975559,39.531337920135265,18.434948822922006,True
750,250,1500.0,1.005,-1.005,1189.4637205380714,86.4432849402196,43.22763489982009,17.61725200522776,True
750,250,1500.0,1.005,0,312.68723131351726,45.32621485155872,22.66659426562046,17.61725200522776,True
750,250,1500.0,1.005,1.005,0.008409638539887965,0.24079804941589128,0.12041754978621003,17.61725200522776,True
750,450,5.1,-1.005,-1.005,0.4834140602680161,5.404988272920324,2.702494136460162,32.14652093516713,True
750,450,5.1,-1.005,0,20.212194274384352,34.910481618192904,17.455240809096452,32.14652093516713,True
750,450,5.1,-1.005,1.005,64.9595748936519,57.65447844778,28.827239223890004,32.14652093516713,True
750,450,5.1,0.0,-1.005,0.4566618061597544,5.253333319790156,2.626666659895078,31.136507102610732,True
750,450,5.1,0.0,0,20.046808167051942,34.76754957418569,17.383774787092847,31.136507102610732,True
750,450,5.1,0.0,1.005,64.7043334608554,57.66250807110319,28.831254035551602,31.136507102610732,True
750,450,5.1,1.005,-1.005,0.4303879287120974,5.099999999998996,2.549999999999498,30.126439318500974,True
750,450,5.1,1.005,0,19.880286258988715,34.62303741828402,17.31151870914201,30.126439318500974,True
750,450,5.1,1.005,1.005,64.44612134393272,57.67062681950484,28.83531340975242,30.126439318500974,True
750,450,79.845,-1.005,-1.005,103.49412910064734,56.38965623997094,28.194828119985473,34.96778306851681,True
750,450,79.845,-1.005,0,144.39458838938066,54.91259031132966,27.45629515566484,34.96778306851681,True
750,450,79.845,-1.005,1.005,178.8989247568641,53.526977438881204,26.763488719440605,34.96778306851681,True
750,450,79.845,0.0,-1.005,99.83980540248967,56.514397696321616,28.25719884816081,33.88082537811228,True
750,450,79.845,0.0,0,141.3141393923765,55.029511436581195,27.5147557182906,33.88082537811228,True
750,450,79.845,0.0,1.005,176.29852848383217,53.63673628276075,26.81836814138038,33.88082537811228,True
750,450,79.845,1.005,-1.005,96.0824091610289,56.641544719185816,28.32077235959291,32.792736064871455,True
750,450,79.845,1.005,0,138.14722442217214,55.14867173763111,27.574335868815556,32.792736064871455,True
750,450,79.845,1.005,1.005,173.62541829852617,53.74858356010871,26.874291780054357,32.792736064871455,True
750,450,154.59,-1.005,-1.005,215.02641575440464,51.89123101910493,25.94561550955247,38.250920126238896,True
750,450,154.59,-1.005,0,238.58884663726218,50.68615763606176,25.343078818030897,38.250920126238896,True
750,450,154.59,-1.005,1.005,258.52180244618717,49.5506838576806,24.7753419288403,38.250920126238896,True
750,450,154.59,0.0,-1.005,210.77701128246554,52.095623072705855,26.047811536352928,37.08132192657029,True
750,450,154.59,0.0,0,234.99474759969115,50.87860993621154,25.439304968105784,37.08132192657029,True
750,450,154.59,0.0,1.005,255.4809994897597,49.73211186235102,24.86605593117551,37.08132192657029,True
750,450,154.59,1.005,-1.005,206.3303795610937,52.3057572878668,26.152878643933402,35.9087947509902,True
750,450,154.59,1.005,0,231.2341546641836,51.07642790437478,25.538213952187398,35.9087947509902,True
750,450,154.59,1.005,1.005,252.29942365028256,49.918562290018386,24.959281145009207,35.9087947509902,True
750,450,229.335,-1.005,-1.005,287.2793335862416,47.64429545370247,23.82214772685125,42.09166635718801,True
750,450,229.335,-1.005,0,299.7065185814517,46.67857565746825,23.339287828734136,42.09166635718801,True
750,450,229.335,-1.005,1.005,310.20460764906306,45.76502765375845,22.882513826879226,42.09166635718801,True
750,450,229.335,0.0,-1.005,283.84305033883334,47.89356442141245,23.946782210706225,40.83617816140664,True
750,450,229.335,0.0,0,296.8019615162968,46.91424627959576,23.457123139797893,40.83617816140664,True
750,450,229.335,0.0,1.005,307.7519546616442,45.9880407427835,22.99402037139176,40.83617816140664,True
750,450,229.335,1.005,-1.005,280.17571527658924,48.15225434373178,24.076127171865902,39.574912148164046,True
750,450,229.335,1.005,0,293.7014968967614,47.15876597245576,23.57938298622788,39.574912148164046,True
750,450,229.335,1.005,1.005,305.133125217223,46.21937717396961,23.10968858698482,39.574912148164046,True
750,450,304.08000000000004,-1.005,-1.005,329.71172349450444,43.69753310641813,21.848766553209092,46.60041985731693,True
750,450,304.08000000000004,-1.005,0,335.4731761180725,42.94013765324812,21.47006882662406,46.60041985731693,True
750,450,304.08000000000004,-1.005,1.005,340.3000918140066,42.221318902882835,21.110659451441446,46.60041985731693,True
750,450,304.08000000000004,0.0,-1.005,327.5593113331537,43.95861068878675,21.979305344393374,45.2609219176108,True
750,450,304.08000000000004,0.0,0,333.66689193619857,43.18781997013994,21.59390998506997,45.2609219176108,True
750,450,304.08000000000004,0.0,1.005,338.78819106299886,42.45643144745697,21.228215723728514,45.2609219176108,True
750,450,304.08000000000004,1.005,-1.005,325.2080232013344,44.23241624593952,22.116208122969788,43.91135387212285,True
750,450,304.08000000000004,1.005,0,331.69213927452563,43.447521820532955,21.723760910266503,43.91135387212285,True
750,450,304.08000000000004,1.005,1.005,337.13377163091934,42.70290632770069,21.351453163850344,43.91135387212285,True
750,450,378.82500000000005,-1.005,-1.005,351.14343366207754,40.11364264396381,20.056821321981904,51.89529972126704,True
750,450,378.82500000000005,-1.005,0,353.33506643064516,39.535490421459635,19.767745210729842,51.89529972126704,True
750,450,378.82500000000005,-1.005,1.005,355.14149408928574,38.98559108199958,19.492795540999815,51.89529972126704,True
750,450,378.82500000000005,0.0,-1.005,350.1291096407581,40.35633248495002,20.17816624247504,50.483051184993656,True
750,450,378.82500000000005,0.0,0,352.49733382934824,39.76627740200311,19.883138701001585,50.483051184993656,True
750,450,378.82500000000005,0.0,1.005,354.45158873692753,39.20511637292218,19.60255818646109,50.483051184993656,True
750,450,378.82500000000005,1.005,-1.005,348.98892904309923,40.61395562081045,20.30697781040525,49.05467427030713,True
750,450,378.82500000000005,1.005,0,351.55441549511283,40.01123433403225,20.005617167016126,49.05467427030713,True
750,450,378.82500000000005,1.005,1.005,353.67419377281294,39.43809674369721,19.719048371848604,49.05467427030713,True
750,450,453.57000000000005,-1.005,-1.005,359.798506910131,36.971039344353294,18.48551967217667,58.084269420536764,True
750,450,453.57000000000005,-1.005,0,360.4724669190598,36.545511905288286,18.272755952644143,58.084269420536764,True
750,450,453.57000000000005,-1.005,1.005,361.04664754086866,36.140661068815625,18.070330534407837,58.084269420536764,True
750,450,453.57000000000005,0.0,-1.005,359.4533491526338,37.17008912611629,18.585044563058172,56.625771794941556,True
750,450,453.57000000000005,0.0,0,360.1825148538303,36.734909526253965,18.367454763126982,56.625771794941556,True
750,450,453.57000000000005,0.0,1.005,360.79803357706874,36.320847264309165,18.160423632154583,56.625771794941556,True
750,450,453.57000000000005,1.005,-1.005,359.05760193905667,37.38448650214153,18.69224325107079,55.14340980999247,True
750,450,453.57000000000005,1.005,0,359.8523092223204,36.93891969296053,18.469459846480266,55.14340980999247,True
750,450,453.57000000000005,1.005,1.005,360.5178701197897,36.51495075213853,18.257475376069266,55.14340980999247,True
750,450,528.315,-1.005,-1.005,363.34514971614317,34.362656933094705,17.181328466547377,65.23046952585412,True
750,450,528.315,-1.005,0,363.8123403559389,34.066340268170634,17.033170134085317,65.23046952585412,True
750,450,528.315,-1.005,1.005,364.32206127006157,33.7853959771578,16.8926979885789,65.23046952585412,True
750,450,528.315,0.0,-1.005,363.1453381444803,34.501050405812336,17.250525202906193,63.77360592756106,True
750,450,528.315,0.0,0,363.5978133785834,34.197632553150015,17.098816276575008,63.77360592756106,True
750,450,528.315,0.0,1.005,364.0867949610838,33.90984682842072,16.95492341421036,63.77360592756106,True
750,450,528.315,1.005,-1.005,362.93624024252176,34.65293590062616,17.32646795031308,62.28458426871648,True
750,450,528.315,1.005,0,363.3761932672346,34.34177482418629,17.170887412093144,62.28458426871648,True
750,450,528.315,1.005,1.005,363.8458834123412,34.04653371894877,17.023266859474386,62.28458426871648,True
750,450,603.0600000000001,-1.005,-1.005,368.932751095349,32.388748352131564,16.19437417606583,73.30006070716907,True
750,450,603.0600000000001,-1.005,0,370.04033293917246,32.20241208892523,16.10120604446266,73.30006070716907,True
750,450,603.0600000000001,-1.005,1.005,371.26698399086354,32.02800506650266,16.01400253325133,73.30006070716907,True
750,450,603.0600000000001,0.0,-1.005,368.54481226847565,32.462112678995496,16.231056339497794,71.91641373169519,True
750,450,603.0600000000001,0.0,0,369.60945283054116,32.271199256111245,16.135599628055623,71.91641373169519,True
750,450,603.0600000000001,0.0,1.005,370.7903859241205,32.092334177290894,16.046167088645447,71.91641373169519,True
750,450,603.0600000000001,1.005,-1.005,368.1355269023161,32.54491969081357,16.272459845406786,70.49452545513479,True
750,450,603.0600000000001,1.005,0,369.154137140526,32.34891201539067,16.174456007695333,70.49452545513479,True
750,450,603.0600000000001,1.005,1.005,370.28593017731555,32.16508796315063,16.082543981575316,70.49452545513479,True
750,450,677.8050000000001,-1.005,-1.005,383.22619464546233,31.140985468340833,15.570492734170456,82.10869728218056,True
750,450,677.8050000000001,-1.005,0,385.6121549860086,31.050698114156265,15.525349057078168,82.10869728218056,True
750,450,677.8050000000001,-1.005,1.005,388.1774545799981,30.97043370879256,15.485216854396315,82.10869728218056,True
750,450,677.8050000000001,0.0,-1.005,382.7312140699869,31.16192429623229,15.580962148116182,80.88551628188132,True
750,450,677.8050000000001,0.0,0,385.0791791165648,31.06944263201703,15.534721316008515,80.88551628188132,True
750,450,677.8050000000001,0.0,1.005,387.60493557680365,30.987013631296712,15.493506815648356,80.88551628188132,True
750,450,677.8050000000001,1.005,-1.005,382.1600627697567,31.187133957364466,15.593566978682233,79.62423162355135,True
750,450,677.8050000000001,1.005,0,384.4638189884022,31.092065890342234,15.546032945171154,79.62423162355135,True
750,450,677.8050000000001,1.005,1.005,386.9435602793442,31.00708640733178,15.503543203665927,79.62423162355135,True
750,450,752.5500000000001,-1.005,-1.005,412.4376847092117,30.6794686622915,15.343720819217287,88.69389851245879,True
750,450,752.5500000000001,-1.005,0,416.7643813129698,30.839010133156943,15.419505066578472,88.69389851245879,True
750,450,752.5500000000001,-1.005,1.005,421.35034507822274,31.324292855603844,15.662146427801952,88.69389851245879,True
750,450,752.5500000000001,0.0,-1.005,412.5362749743399,30.67931619389331,15.343789783174039,89.67532739126356,True
750,450,752.5500000000001,0.0,0,416.86892782383075,30.850248619555884,15.42512430977797,89.67532739126356,True
750,450,752.5500000000001,0.0,1.005,421.461105551095,31.335827296272747,15.667913648136373,89.67532739126356,True
750,450,752.5500000000001,1.005,-1.005,412.51378610440406,30.679350496908743,15.343773603371922,89.31429881140991,True
750,450,752.5500000000001,1.005,0,416.8450805190605,30.847685848458287,15.423842924229143,89.31429881140991,True
750,450,752.5500000000001,1.005,1.005,421.4358410253135,31.333197022026102,15.666598511013051,89.31429881140991,True
750,450,827.2950000000001,-1.005,-1.005,462.35628753132187,35.17523478905414,17.58761739452707,79.56276480621302,True
750,450,827.2950000000001,-1.005,0,469.5247058509249,35.78661688750185,17.893308443750925,79.56276480621302,True
750,450,827.2950000000001,-1.005,1.005,477.0874015999643,36.41754174053887,18.208770870269472,79.56276480621302,True
750,450,827.2950000000001,0.0,-1.005,464.5559425014808,35.36431222216724,17.68215611108362,80.25360410908165,True
750,450,827.2950000000001,0.0,0,471.84548787201584,35.98169517316558,17.990847586582824,80.25360410908165,True
750,450,827.2950000000001,0.0,1.005,479.5355845016711,36.618939522379854,18.309469761189927,80.25360410908165,True
750,450,827.2950000000001,1.005,-1.005,466.7053865069529,35.54779540354145,17.77389770177076,80.95662386353052,True
750,450,827.2950000000001,1.005,0,474.11316633296974,36.17103860316558,18.08551930158279,80.95662386353052,True
750,450,827.2950000000001,1.005,1.005,481.9276596135105,36.81445484132205,18.40722742066106,80.95662386353052,True
750,450,902.0400000000001,-1.005,-1.005,538.3753702237464,41.141585166200706,20.570792583100392,70.9342022262672,True
750,450,902.0400000000001,-1.005,0,549.7216827363136,41.9594839062771,20.97974195313855,70.9342022262672,True
750,450,902.0400000000001,-1.005,1.005,561.6992885991976,42.808224560079395,21.404112280039698,70.9342022262672,True
750,450,902.0400000000001,0.0,-1.005,545.1616925257104,41.63247441584414,20.81623720792211,71.33160317953251,True
750,450,902.0400000000001,0.0,0,556.8851682767481,42.46881610338645,21.234408051693226,71.33160317953251,True
750,450,902.0400000000001,0.0,1.005,569.2631971150568,43.33704645414678,21.66852322707339,71.33160317953251,True
750,450,902.0400000000001,1.005,-1.005,552.2537214866825,42.14011515260439,21.070057576302194,71.72215434395979,True
750,450,902.0400000000001,1.005,0,564.3726921091957,42.99574304304505,21.497871521522566,71.72215434395979,True
750,450,902.0400000000001,1.005,1.005,577.1708991394416,43.88436128973493,21.942180644867467,71.72215434395979,True
750,450,976.7850000000001,-1.005,-1.005,645.5181040839616,48.41648060330328,24.20824030165168,63.11411946000478,True
750,450,976.7850000000001,-1.005,0,662.9939839841772,49.52744104986707,24.763720524933536,63.11411946000478,True
750,450,976.7850000000001,-1.005,1.005,681.5096419433448,50.686668445138885,25.343334222569442,63.11411946000478,True
750,450,976.7850000000001,0.0,-1.005,660.5112636833037,49.3706394053469,24.685319702673493,63.253418851859294,True
750,450,976.7850000000001,0.0,0,678.878474686313,50.5230008969646,25.261500448482337,63.253418851859294,True
750,450,976.7850000000001,0.0,1.005,698.3496666994633,51.7262265113553,25.863113255677693,63.253418851859294,True
750,450,976.7850000000001,1.005,-1.005,676.6932438710637,50.386809281428924,25.193404640714462,63.369972278104434,True
750,450,976.7850000000001,1.005,0,696.0323893923214,51.58397483744407,25.791987418722034,63.369972278104434,True
750,450,976.7850000000001,1.005,1.005,716.5467472150613,52.83485208818191,26.417426044091,63.369972278104434,True
750,450,1051.53,-1.005,-1.005,788.461184140895,57.084534822816096,28.542267411408137,56.24021839309988,True
750,450,1051.53,-1.005,0,814.7992018708774,58.59464766917496,29.29732383458757,56.24021839309988,True
750,450,1051.53,-1.005,1.005,842.8591362629759,60.17939180175618,30.08969590087818,56.24021839309988,True
750,450,1051.53,0.0,-1.005,816.5588485226617,58.694739316518344,29.347369658259172,56.175278575120515,True
750,450,1051.53,0.0,0,844.7348023721024,60.284481426303394,30.142240713151786,56.175278575120515,True
750,450,1051.53,0.0,1.005,874.7850732633124,61.954452718277444,30.977226359138815,56.175278575120515,True
750,450,1051.53,1.005,-1.005,847.5794482868223,60.44366510089011,30.221832550445146,56.07730334486498,True
750,450,1051.53,1.005,0,877.8206782939851,62.121757147654115,31.06087857382715,56.07730334486498,True
750,450,1051.53,1.005,1.005,910.1114228326478,63.886413437525725,31.94320671876295,56.07730334486498,True
750,450,1126.275,-1.005,-1.005,971.556903559378,67.17368760607722,33.58684380303861,50.313023996099275,True
750,450,1126.275,-1.005,0,1010.4222223220404,69.20929169329573,34.604645846647955,50.313023996099275,True
750,450,1126.275,-1.005,1.005,1052.1095720742032,71.35836024344735,35.679180121723675,50.313023996099275,True
750,450,1126.275,0.0,-1.005,1019.064773673168,69.65766987381303,34.82883493690652,50.09875625358596,True
750,450,1126.275,0.0,0,1061.3871523886937,71.83205611501418,35.916028057507184,50.09875625358596,True
750,450,1126.275,0.0,1.005,1106.8580520593878,74.13086628629618,37.06543314314809,50.09875625358596,True
750,450,1126.275,1.005,-1.005,1072.4943449844322,72.39705108612229,36.19852554306124,49.846471631342716,True
750,450,1126.275,1.005,0,1118.802123295869,74.7286356016499,37.36431780082505,49.846471631342716,True
750,450,1126.275,1.005,1.005,1168.6456367609026,77.1973872439958,38.5986936219979,49.846471631342716,True
750,450,1201.02,-1.005,-1.005,1198.8537095650809,78.67424952353468,39.33712476176744,45.25209976631457,True
750,450,1201.02,-1.005,0,1254.9831939019914,81.38205181919493,40.691025909597464,45.25209976631457,True
750,450,1201.02,-1.005,1.005,1315.6479882119893,84.25886462434049,42.129432312170245,45.25209976631457,True
750,450,1201.02,0.0,-1.005,1273.6046991639505,82.27043465997505,41.135217329987526,44.935138320860496,True
750,450,1201.02,0.0,0,1335.7968776708385,85.20356332486224,42.60178166243112,44.935138320860496,True
750,450,1201.02,0.0,1.005,1403.1707808952378,88.32563257889764,44.16281628944892,44.935138320860496,True
750,450,1201.02,1.005,-1.005,1359.051969343167,86.28748843936488,43.14374421968244,44.57899040977337,True
750,450,1201.02,1.005,0,1428.3948315462385,89.48053764891105,44.740268824455526,44.57899040977337,True
750,450,1201.02,1.005,1.005,1503.7081338978915,92.88626961217619,46.443134806088096,44.57899040977337,True
750,450,1275.7649999999999,-1.005,-1.005,1474.1153567237034,91.55547179268157,45.777735896340886,40.94391988651084,True
750,450,1275.7649999999999,-1.005,0,1553.445115425131,95.10225454708998,47.55112727354499,40.94391988651084,True
750,450,1275.7649999999999,-1.005,1.005,1639.8908051675226,98.89525954342571,49.447629771712855,40.94391988651084,True
750,450,1275.7649999999999,0.0,-1.005,1585.5783650383419,96.52062030951376,48.26031015475688,40.56007631426942,True
750,450,1275.7649999999999,0.0,0,1674.9584659028387,100.41387889116152,50.20693944558086,40.56007631426942,True
750,450,1275.7649999999999,0.0,1.005,1772.6548081142591,104.58750950586645,52.29375475293333,40.56007631426942,True
750,450,1275.7649999999999,1.005,-1.005,1714.903935479142,102.1303093554092,51.0651546777047,40.13816526333108,True
750,450,1275.7649999999999,1.005,0,1816.3888576111876,106.42994014064477,53.21497007032239,40.13816526333108,True
750,450,1275.7649999999999,1.005,1.005,1927.6937030835415,111.05154087300534,55.52577043650277,40.13816526333108,True
750,450,1350.51,-1.005,-1.005,1800.8387636006282,105.77661664242365,52.888308321211824,37.271322901223336,True
750,450,1350.51,-1.005,0,1910.621063745948,110.34871445935309,55.174357229676545,37.271322901223336,True
750,450,1350.51,-1.005,1.005,2031.2880049897867,115.27156158587634,57.63578079293817,37.271322901223336,True
750,450,1350.51,0.0,-1.005,1960.2179115702456,112.38459935050723,56.192299675253615,36.846533679096304,True
750,450,1350.51,0.0,0,2085.9043660811167,117.46684791633149,58.733423958165844,36.846533679096304,True
750,450,1350.51,0.0,1.005,2224.5877770601437,122.95555014535199,61.477775072675996,36.846533679096304,True
750,450,1350.51,1.005,-1.005,2147.745042488532,119.92911285408917,59.964556427044585,36.385964880238475,True
750,450,1350.51,1.005,0,2292.965683611279,125.61906973622689,62.80953486811355,36.385964880238475,True
750,450,1350.51,1.005,1.005,2453.8960814166894,131.78476504039602,65.89238252019813,36.385964880238475,True
750,450,1425.255,-1.005,-1.005,2182.2706699370956,121.29334761174321,60.646673805871714,34.1276790263779,True
750,450,1425.255,-1.005,0,2331.1810819255807,127.0960170299827,63.54800851499146,34.1276790263779,True
750,450,1425.255,-1.005,1.005,2496.3273534930377,133.38760938054568,66.69380469027284,34.1276790263779,True
750,450,1425.255,0.0,-1.005,2402.5957976842838,129.83445077439853,64.91722538719938,33.68008010482473,True
750,450,1425.255,0.0,0,2575.7098657930655,136.36207148761298,68.18103574380649,33.68008010482473,True
750,450,1425.255,0.0,1.005,2613.2883606442174,122.29347935154561,61.14673967577281,33.68008010482473,True
750,450,1425.255,1.005,-1.005,2651.4882716841494,133.39432541320085,66.69716270660042,33.19945766721264,True
750,450,1425.255,1.005,0,2446.260790091066,112.06316942687194,56.031584713436075,33.19945766721264,True
750,450,1425.255,1.005,1.005,1686.8858178824994,88.58460041777869,44.29230020888944,33.19945766721264,True
750,450,1500.0,-1.005,-1.005,2621.423183409159,138.06106277112795,69.03053138556407,31.421765198773457,True
750,450,1500.0,-1.005,0,2542.981853339341,117.0109150537383,58.50545752686915,31.421765198773457,True
750,450,1500.0,-1.005,1.005,1904.039669568956,95.68935499739283,47.84467749869651,31.421765198773457,True
750,450,1500.0,0.0,-1.005,2323.252433358408,107.25884083665025,53.629420418325125,30.96375653207353,True
750,450,1500.0,0.0,0,1473.5935095778914,81.56151584031771,40.780757920158855,30.96375653207353,True
750,450,1500.0,0.0,1.005,560.6111299241675,49.69148023510379,24.84956276705885,30.96375653207353,True
750,450,1500.0,1.005,-1.005,1003.9932348873554,66.20640418787676,33.10700648491065,30.475554103144365,True
750,450,1500.0,1.005,0,257.50365581337246,33.82488348359757,16.915043811081542,30.475554103144365,True
750,450,1500.0,1.005,1.005,0.015511077333940193,0.2650415780582343,0.1325411797817751,30.475554103144365,True
